{
  "default_type": "word",
  "subject": "Asosiy otlar 50",
  "pos": "noun",
  "entries": [
    {
      "text": "Odam",
      "note": "",
      "tags": []
    },
    {
      "text": "Suv",
      "note": "Ichimlik suvi",
      "tags": []
    },
    {
      "text": "Guruch / Ovqat",
      "note": "Ovqat",
      "tags": []
    },
    {
      "text": "Non",
      "note": "",
      "tags": []
    },
    {
      "text": "Olma",
      "note": "Meva",
      "tags": []
    },
    {
      "text": "Sut",
      "note": "",
      "tags": []
    },
    {
      "text": "Goʻsht",
      "note": "",
      "tags": []
    },
    {
      "text": "Kiyimlar",
      "note": "",
      "tags": []
    },
    {
      "text": "Uy",
      "note": "Turar joy",
      "tags": []
    },
    {
      "text": "Xona",
      "note": "",
      "tags": []
    },
    {
      "text": "Oyna",
      "note": "",
      "tags": []
    },
    {
      "text": "Eshik",
      "note": "Kirish",
      "tags": []
    },
    {
      "text": "Yozuv stoli",
      "note": "",
      "tags": []
    },
    {
      "text": "Stul",
      "note": "",
      "tags": []
    },
    {
      "text": "Kompyuter",
      "note": "",
      "tags": []
    },
    {
      "text": "Telefon",
      "note": "",
      "tags": []
    },
    {
      "text": "Kitob",
      "note": "Kutubxona",
      "tags": []
    },
    {
      "text": "Qalam",
      "note": "",
      "tags": []
    },
    {
      "text": "Qogʻoz",
      "note": "",
      "tags": []
    },
    {
      "text": "Sumka",
      "note": "",
      "tags": []
    },
    {
      "text": "Maktab",
      "note": "",
      "tags": []
    },
    {
      "text": "Kompaniya",
      "note": "",
      "tags": []
    },
    {
      "text": "Kasalxona",
      "note": "",
      "tags": []
    },
    {
      "text": "Dorixona",
      "note": "",
      "tags": []
    },
    {
      "text": "Restoran",
      "note": "",
      "tags": []
    },
    {
      "text": "Bozor",
      "note": "Savdo maydonchasi",
      "tags": []
    },
    {
      "text": "Metro",
      "note": "",
      "tags": []
    },
    {
      "text": "Avtobus",
      "note": "",
      "tags": []
    },
    {
      "text": "Taksi",
      "note": "",
      "tags": []
    },
    {
      "text": "Samolyot",
      "note": "",
      "tags": []
    },
    {
      "text": "Poyezd",
      "note": "",
      "tags": []
    },
    {
      "text": "Velosiped",
      "note": "",
      "tags": []
    },
    {
      "text": "Yoʻl",
      "note": "Yoʻl",
      "tags": []
    },
    {
      "text": "Togʻ",
      "note": "",
      "tags": []
    },
    {
      "text": "Dengiz",
      "note": "",
      "tags": []
    },
    {
      "text": "Daryo",
      "note": "",
      "tags": []
    },
    {
      "text": "Osmon",
      "note": "",
      "tags": []
    },
    {
      "text": "Quyosh / Yil",
      "note": "Quyosh / Yil",
      "tags": []
    },
    {
      "text": "Oy",
      "note": "Sun'iy yo'ldosh",
      "tags": []
    },
    {
      "text": "Yulduz",
      "note": "Osmon jismi",
      "tags": []
    },
    {
      "text": "Daraxt",
      "note": "",
      "tags": []
    },
    {
      "text": "Gul",
      "note": "",
      "tags": []
    },
    {
      "text": "Kuchukcha",
      "note": "",
      "tags": []
    },
    {
      "text": "Mushuk",
      "note": "",
      "tags": []
    },
    {
      "text": "Pul",
      "note": "Naqd pul",
      "tags": []
    },
    {
      "text": "Vaqt",
      "note": "",
      "tags": []
    },
    {
      "text": "Bugun",
      "note": "",
      "tags": []
    },
    {
      "text": "Ertaga",
      "note": "",
      "tags": []
    },
    {
      "text": "Kecha",
      "note": "",
      "tags": []
    },
    {
      "text": "Do'st",
      "note": "",
      "tags": []
    }
  ]
}