{
  "default_type": "sentence",
  "subject": "问候 1",
  "entries": [
    {
      "text": "您好。",
      "note": "礼貌问候",
      "form_type": "",
      "style": "",
      "tags": []
    },
    {
      "text": "见到您很高兴。",
      "note": "初次见面",
      "form_type": "",
      "style": "",
      "tags": []
    },
    {
      "text": "好久不见。",
      "note": "重逢",
      "form_type": "",
      "style": "",
      "tags": []
    },
    {
      "text": "谢谢。",
      "note": "正式",
      "form_type": "",
      "style": "",
      "tags": []
    },
    {
      "text": "对不起。",
      "note": "正式",
      "form_type": "",
      "style": "",
      "tags": []
    },
    {
      "text": "打扰一下。",
      "note": "引起注意",
      "form_type": "",
      "style": "",
      "tags": []
    },
    {
      "text": "您好吗？",
      "note": "问安",
      "form_type": "",
      "style": "",
      "tags": []
    },
    {
      "text": "我很好，谢谢。",
      "note": "",
      "form_type": "",
      "style": "",
      "tags": []
    },
    {
      "text": "您叫什么名字？",
      "note": "",
      "form_type": "",
      "style": "",
      "tags": []
    },
    {
      "text": "我叫...。",
      "note": "",
      "form_type": "",
      "style": "",
      "tags": []
    },
    {
      "text": "您从哪里来？",
      "note": "",
      "form_type": "",
      "style": "",
      "tags": []
    },
    {
      "text": "我从美国来。",
      "note": "",
      "form_type": "",
      "style": "",
      "tags": []
    },
    {
      "text": "再见。",
      "note": "对离开的人",
      "form_type": "",
      "style": "",
      "tags": []
    },
    {
      "text": "请慢走 / 再见。",
      "note": "对留下的人",
      "form_type": "",
      "style": "",
      "tags": []
    },
    {
      "text": "是 / 对。",
      "note": "肯定",
      "form_type": "",
      "style": "",
      "tags": []
    },
    {
      "text": "不 / 不是。",
      "note": "否定",
      "form_type": "",
      "style": "",
      "tags": []
    },
    {
      "text": "也许吧。",
      "note": "猜测",
      "form_type": "",
      "style": "",
      "tags": []
    },
    {
      "text": "我明白了。",
      "note": "",
      "form_type": "",
      "style": "",
      "tags": []
    },
    {
      "text": "我不知道。",
      "note": "",
      "form_type": "",
      "style": "",
      "tags": []
    },
    {
      "text": "请帮帮我。",
      "note": "",
      "form_type": "",
      "style": "",
      "tags": []
    },
    {
      "text": "请稍等。",
      "note": "",
      "form_type": "",
      "style": "",
      "tags": []
    },
    {
      "text": "这个多少钱？",
      "note": "购物",
      "form_type": "",
      "style": "",
      "tags": []
    },
    {
      "text": "洗手间在哪里？",
      "note": "",
      "form_type": "",
      "style": "",
      "tags": []
    },
    {
      "text": "我饿了。",
      "note": "",
      "form_type": "",
      "style": "",
      "tags": []
    },
    {
      "text": "我渴了。",
      "note": "",
      "form_type": "",
      "style": "",
      "tags": []
    },
    {
      "text": "很好吃。",
      "note": "",
      "form_type": "",
      "style": "",
      "tags": []
    },
    {
      "text": "我喜欢。",
      "note": "",
      "form_type": "",
      "style": "",
      "tags": []
    },
    {
      "text": "没关系。",
      "note": "",
      "form_type": "",
      "style": "",
      "tags": []
    },
    {
      "text": "祝你好运。",
      "note": "",
      "form_type": "",
      "style": "",
      "tags": []
    },
    {
      "text": "现在几点？",
      "note": "",
      "form_type": "",
      "style": "",
      "tags": []
    },
    {
      "text": "今天天气很好。",
      "note": "",
      "form_type": "",
      "style": "",
      "tags": []
    },
    {
      "text": "很冷。",
      "note": "",
      "form_type": "",
      "style": "",
      "tags": []
    },
    {
      "text": "很热。",
      "note": "",
      "form_type": "",
      "style": "",
      "tags": []
    },
    {
      "text": "我累了。",
      "note": "",
      "form_type": "",
      "style": "",
      "tags": []
    },
    {
      "text": "我很幸福。",
      "note": "",
      "form_type": "",
      "style": "",
      "tags": []
    },
    {
      "text": "恭喜。",
      "note": "",
      "form_type": "",
      "style": "",
      "tags": []
    },
    {
      "text": "生日快乐。",
      "note": "",
      "form_type": "",
      "style": "",
      "tags": []
    },
    {
      "text": "祝你度过愉快的一天。",
      "note": "",
      "form_type": "",
      "style": "",
      "tags": []
    },
    {
      "text": "明天见。",
      "note": "",
      "form_type": "",
      "style": "",
      "tags": []
    },
    {
      "text": "保重。",
      "note": "",
      "form_type": "",
      "style": "",
      "tags": []
    },
    {
      "text": "你会说英语吗？",
      "note": "",
      "form_type": "",
      "style": "",
      "tags": []
    },
    {
      "text": "我只会说一点韩语。",
      "note": "",
      "form_type": "",
      "style": "",
      "tags": []
    },
    {
      "text": "请慢慢说。",
      "note": "",
      "form_type": "",
      "style": "",
      "tags": []
    },
    {
      "text": "这是什么意思？",
      "note": "",
      "form_type": "",
      "style": "",
      "tags": []
    },
    {
      "text": "用韩语怎么说？",
      "note": "",
      "form_type": "",
      "style": "",
      "tags": []
    },
    {
      "text": "我爱你。",
      "note": "",
      "form_type": "",
      "style": "",
      "tags": []
    },
    {
      "text": "请等一下。",
      "note": "",
      "form_type": "",
      "style": "",
      "tags": []
    },
    {
      "text": "不客气。",
      "note": "",
      "form_type": "",
      "style": "",
      "tags": []
    },
    {
      "text": "不，不用了。",
      "note": "",
      "form_type": "",
      "style": "",
      "tags": []
    },
    {
      "text": "我有一个问题。",
      "note": "",
      "form_type": "",
      "style": "",
      "tags": []
    }
  ]
}