{
  "default_type": "word",
  "subject": "100 መሠረታዊ ግሦች",
  "pos": "verb",
  "entries": [
    {
      "text": "መሄድ",
      "note": "",
      "tags": []
    },
    {
      "text": "መምጣት",
      "note": "",
      "tags": []
    },
    {
      "text": "መብላት",
      "note": "",
      "tags": []
    },
    {
      "text": "መጠጣት",
      "note": "",
      "tags": []
    },
    {
      "text": "መተኛት",
      "note": "",
      "tags": []
    },
    {
      "text": "ማየት / መመልከት",
      "note": "",
      "tags": []
    },
    {
      "text": "መግዛት",
      "note": "",
      "tags": []
    },
    {
      "text": "መሸጥ",
      "note": "",
      "tags": []
    },
    {
      "text": "ማንበብ",
      "note": "",
      "tags": []
    },
    {
      "text": "መጻፍ",
      "note": "ጽሕፈት",
      "tags": []
    },
    {
      "text": "መስማት / ማዳመጥ",
      "note": "",
      "tags": []
    },
    {
      "text": "መናገር",
      "note": "",
      "tags": []
    },
    {
      "text": "ማድረግ",
      "note": "",
      "tags": []
    },
    {
      "text": "መስራት",
      "note": "",
      "tags": []
    },
    {
      "text": "መማር",
      "note": "",
      "tags": []
    },
    {
      "text": "ማስተማር",
      "note": "",
      "tags": []
    },
    {
      "text": "ማጥናት",
      "note": "",
      "tags": []
    },
    {
      "text": "መጠበቅ",
      "note": "",
      "tags": []
    },
    {
      "text": "መገናኘት",
      "note": "",
      "tags": []
    },
    {
      "text": "መውደድ (ፍቅር)",
      "note": "",
      "tags": []
    },
    {
      "text": "መውደድ",
      "note": "",
      "tags": []
    },
    {
      "text": "መጥላት",
      "note": "",
      "tags": []
    },
    {
      "text": "መሳቅ",
      "note": "",
      "tags": []
    },
    {
      "text": "ማልቀስ",
      "note": "",
      "tags": []
    },
    {
      "text": "መራመድ",
      "note": "",
      "tags": []
    },
    {
      "text": "መሮጥ",
      "note": "ሩጫ",
      "tags": []
    },
    {
      "text": "መቀመጥ",
      "note": "",
      "tags": []
    },
    {
      "text": "መቆም",
      "note": "",
      "tags": []
    },
    {
      "text": "መስጠት",
      "note": "",
      "tags": []
    },
    {
      "text": "መቀበል",
      "note": "",
      "tags": []
    },
    {
      "text": "መክፈት",
      "note": "",
      "tags": []
    },
    {
      "text": "መዝጋት",
      "note": "",
      "tags": []
    },
    {
      "text": "ማሰብ",
      "note": "",
      "tags": []
    },
    {
      "text": "ማወቅ",
      "note": "",
      "tags": []
    },
    {
      "text": "አለመለየት",
      "note": "",
      "tags": []
    },
    {
      "text": "መፈለግ / ማግኘት",
      "note": "",
      "tags": []
    },
    {
      "text": "ማጣት",
      "note": "",
      "tags": []
    },
    {
      "text": "መርዳት",
      "note": "",
      "tags": []
    },
    {
      "text": "ማጠብ",
      "note": "",
      "tags": []
    },
    {
      "text": "ማብሰል",
      "note": "",
      "tags": []
    },
    {
      "text": "መዘመር",
      "note": "",
      "tags": []
    },
    {
      "text": "መደነስ",
      "note": "",
      "tags": []
    },
    {
      "text": "መጠቀም",
      "note": "",
      "tags": []
    },
    {
      "text": "መስራት / መፍጠር",
      "note": "",
      "tags": []
    },
    {
      "text": "መጥራት / መዘመር",
      "note": "ዜማ / ስም",
      "tags": []
    },
    {
      "text": "መያዝ",
      "note": "",
      "tags": []
    },
    {
      "text": "ማስቀመጥ / መተው",
      "note": "",
      "tags": []
    },
    {
      "text": "መግባት",
      "note": "",
      "tags": []
    },
    {
      "text": "መውጣት",
      "note": "",
      "tags": []
    },
    {
      "text": "መውጣት (በመኪና)",
      "note": "ተሽከርካሪ",
      "tags": []
    },
    {
      "text": "መውረድ (በመኪና)",
      "note": "ተሽከርካሪ",
      "tags": []
    },
    {
      "text": "መላክ",
      "note": "",
      "tags": []
    },
    {
      "text": "ማስገባት",
      "note": "ርክክብ",
      "tags": []
    },
    {
      "text": "መኖር / ሰላም ማለት",
      "note": "ሰላምታ",
      "tags": []
    },
    {
      "text": "መጀመር",
      "note": "",
      "tags": []
    },
    {
      "text": "መጨረስ",
      "note": "",
      "tags": []
    },
    {
      "text": "ማረፍ",
      "note": "እረፍት",
      "tags": []
    },
    {
      "text": "መጠየቅ",
      "note": "ጥያቄ",
      "tags": []
    },
    {
      "text": "መመለስ",
      "note": "",
      "tags": []
    },
    {
      "text": "ቃል መግባት",
      "note": "",
      "tags": []
    },
    {
      "text": "መጨነቅ",
      "note": "",
      "tags": []
    },
    {
      "text": "ማመን",
      "note": "",
      "tags": []
    },
    {
      "text": "መጠራጠር",
      "note": "",
      "tags": []
    },
    {
      "text": "ተስፋ ማድረግ",
      "note": "ተስፋ",
      "tags": []
    },
    {
      "text": "ማለም",
      "note": "",
      "tags": []
    },
    {
      "text": "መጣላት",
      "note": "",
      "tags": []
    },
    {
      "text": "ማሸነፍ",
      "note": "",
      "tags": []
    },
    {
      "text": "መሸነፍ",
      "note": "ሽንፈት",
      "tags": []
    },
    {
      "text": "ማደግ",
      "note": "ዕድገት",
      "tags": []
    },
    {
      "text": "መኖር",
      "note": "",
      "tags": []
    },
    {
      "text": "መሞት",
      "note": "",
      "tags": []
    },
    {
      "text": "መውሰድ",
      "note": "",
      "tags": []
    },
    {
      "text": "መጣል",
      "note": "",
      "tags": []
    },
    {
      "text": "መደበቅ",
      "note": "",
      "tags": []
    },
    {
      "text": "መፈለግ",
      "note": "",
      "tags": []
    },
    {
      "text": "መምረጥ",
      "note": "",
      "tags": []
    },
    {
      "text": "መቀየር",
      "note": "",
      "tags": []
    },
    {
      "text": "ማዘዝ",
      "note": "ዕቃ ግዢ",
      "tags": []
    },
    {
      "text": "መዘጋጀት",
      "note": "",
      "tags": []
    },
    {
      "text": "መያዝ",
      "note": "",
      "tags": []
    },
    {
      "text": "መወርወር",
      "note": "",
      "tags": []
    },
    {
      "text": "መሳብ",
      "note": "",
      "tags": []
    },
    {
      "text": "መግፋት",
      "note": "",
      "tags": []
    },
    {
      "text": "መጠገን",
      "note": "ጥገና",
      "tags": []
    },
    {
      "text": "መሰበር",
      "note": "",
      "tags": []
    },
    {
      "text": "መታመም",
      "note": "",
      "tags": []
    },
    {
      "text": "ማከም",
      "note": "",
      "tags": []
    },
    {
      "text": "የሰውነት እንቅስቃሴ ማድረግ",
      "note": "",
      "tags": []
    },
    {
      "text": "መዋኘት",
      "note": "",
      "tags": []
    },
    {
      "text": "መጓዝ",
      "note": "",
      "tags": []
    },
    {
      "text": "መንዳት",
      "note": "",
      "tags": []
    },
    {
      "text": "ማጽዳት",
      "note": "",
      "tags": []
    },
    {
      "text": "ሳህን ማጠብ",
      "note": "",
      "tags": []
    },
    {
      "text": "ልብስ ማጠብ",
      "note": "",
      "tags": []
    },
    {
      "text": "መታጠብ",
      "note": "",
      "tags": []
    },
    {
      "text": "ጥርስ መቦረሽ",
      "note": "",
      "tags": []
    },
    {
      "text": "መንቃት",
      "note": "መንቃት",
      "tags": []
    },
    {
      "text": "መተኛት",
      "note": "እንቅልፍ",
      "tags": []
    },
    {
      "text": "መገንዘብ",
      "note": "",
      "tags": []
    },
    {
      "text": "ማስታወስ",
      "note": "",
      "tags": []
    }
  ]
}