{
  "default_type": "word",
  "subject": "Pagrindiniai Daiktavardžiai 50",
  "pos": "noun",
  "entries": [
    {
      "text": "Žmogus",
      "note": "",
      "tags": []
    },
    {
      "text": "Vanduo",
      "note": "Drinking water",
      "tags": []
    },
    {
      "text": "Ryžiai / Valgis",
      "note": "Meal",
      "tags": []
    },
    {
      "text": "Duona",
      "note": "",
      "tags": []
    },
    {
      "text": "Obuolys",
      "note": "Fruit",
      "tags": []
    },
    {
      "text": "Pienas",
      "note": "",
      "tags": []
    },
    {
      "text": "Mėsa",
      "note": "",
      "tags": []
    },
    {
      "text": "Drabužiai",
      "note": "",
      "tags": []
    },
    {
      "text": "Namas",
      "note": "Housing",
      "tags": []
    },
    {
      "text": "Kambarys",
      "note": "",
      "tags": []
    },
    {
      "text": "Langas",
      "note": "",
      "tags": []
    },
    {
      "text": "Durys",
      "note": "Entrance",
      "tags": []
    },
    {
      "text": "Stalas",
      "note": "",
      "tags": []
    },
    {
      "text": "Kėdė",
      "note": "",
      "tags": []
    },
    {
      "text": "Kompiuteris",
      "note": "",
      "tags": []
    },
    {
      "text": "Telefonas",
      "note": "",
      "tags": []
    },
    {
      "text": "Knyga",
      "note": "Library",
      "tags": []
    },
    {
      "text": "Pieštukas",
      "note": "",
      "tags": []
    },
    {
      "text": "Popierius",
      "note": "",
      "tags": []
    },
    {
      "text": "Krepšys",
      "note": "",
      "tags": []
    },
    {
      "text": "Mokykla",
      "note": "",
      "tags": []
    },
    {
      "text": "Įmonė",
      "note": "",
      "tags": []
    },
    {
      "text": "Ligoninė",
      "note": "",
      "tags": []
    },
    {
      "text": "Vaistinė",
      "note": "",
      "tags": []
    },
    {
      "text": "Restoranas",
      "note": "",
      "tags": []
    },
    {
      "text": "Turgus",
      "note": "Marketplace",
      "tags": []
    },
    {
      "text": "Metropolitenas",
      "note": "",
      "tags": []
    },
    {
      "text": "Autobusas",
      "note": "",
      "tags": []
    },
    {
      "text": "Taxi",
      "note": "",
      "tags": []
    },
    {
      "text": "Lėktuvas",
      "note": "",
      "tags": []
    },
    {
      "text": "Traukinys",
      "note": "",
      "tags": []
    },
    {
      "text": "Dviratis",
      "note": "",
      "tags": []
    },
    {
      "text": "Kelias",
      "note": "Road",
      "tags": []
    },
    {
      "text": "Kalnas",
      "note": "",
      "tags": []
    },
    {
      "text": "Jūra",
      "note": "",
      "tags": []
    },
    {
      "text": "Upė",
      "note": "",
      "tags": []
    },
    {
      "text": "Dangus",
      "note": "",
      "tags": []
    },
    {
      "text": "Saulė / Metai",
      "note": "Sun / Year",
      "tags": []
    },
    {
      "text": "Mėnulis",
      "note": "Satellite",
      "tags": []
    },
    {
      "text": "Žvaigždė",
      "note": "Celestial Body",
      "tags": []
    },
    {
      "text": "Medis",
      "note": "",
      "tags": []
    },
    {
      "text": "Gėlė",
      "note": "",
      "tags": []
    },
    {
      "text": "Šuniukas",
      "note": "",
      "tags": []
    },
    {
      "text": "Katė",
      "note": "",
      "tags": []
    },
    {
      "text": "Pinigai",
      "note": "Cash",
      "tags": []
    },
    {
      "text": "Laikas",
      "note": "",
      "tags": []
    },
    {
      "text": "Šiandien",
      "note": "",
      "tags": []
    },
    {
      "text": "Rytoj",
      "note": "",
      "tags": []
    },
    {
      "text": "Vakar",
      "note": "",
      "tags": []
    },
    {
      "text": "Draugas",
      "note": "",
      "tags": []
    }
  ]
}