{
  "default_type": "word",
  "subject": "50 ਬੁਨਿਆਦੀ ਨਾਂਵ",
  "pos": "noun",
  "entries": [
    {
      "text": "ਮੈਂ",
      "note": "",
      "tags": []
    },
    {
      "text": "ਤੁਸੀਂ / ਤੂੰ",
      "note": "",
      "tags": []
    },
    {
      "text": "ਇਹ",
      "note": "",
      "tags": []
    },
    {
      "text": "ਉਹ",
      "note": "",
      "tags": []
    },
    {
      "text": "ਕੌਣ",
      "note": "",
      "tags": []
    },
    {
      "text": "ਕੀ",
      "note": "",
      "tags": []
    },
    {
      "text": "ਕਿੱਥੇ",
      "note": "",
      "tags": []
    },
    {
      "text": "ਕਦੋਂ",
      "note": "",
      "tags": []
    },
    {
      "text": "ਕਿਉਂ",
      "note": "",
      "tags": []
    },
    {
      "text": "ਕਿਵੇਂ",
      "note": "",
      "tags": []
    },
    {
      "text": "ਲੋਕ",
      "note": "",
      "tags": []
    },
    {
      "text": "ਦੋਸਤ",
      "note": "",
      "tags": []
    },
    {
      "text": "ਪਰਿਵਾਰ",
      "note": "",
      "tags": []
    },
    {
      "text": "ਨਾਮ",
      "note": "",
      "tags": []
    },
    {
      "text": "ਘਰ",
      "note": "",
      "tags": []
    },
    {
      "text": "ਸਕੂਲ",
      "note": "",
      "tags": []
    },
    {
      "text": "ਕੰਪਨੀ",
      "note": "",
      "tags": []
    },
    {
      "text": "ਹਸਪਤਾਲ",
      "note": "",
      "tags": []
    },
    {
      "text": "ਬਾਜ਼ਾਰ",
      "note": "",
      "tags": []
    },
    {
      "text": "ਰੈਸਟੋਰੈਂਟ",
      "note": "",
      "tags": []
    },
    {
      "text": "ਕੌਫੀ ਸ਼ਾਪ",
      "note": "",
      "tags": []
    },
    {
      "text": "ਟਾਇਲਟ",
      "note": "",
      "tags": []
    },
    {
      "text": "ਕਿਤਾਬ",
      "note": "",
      "tags": []
    },
    {
      "text": "ਪਾਣੀ",
      "note": "",
      "tags": []
    },
    {
      "text": "ਖਾਣਾ",
      "note": "",
      "tags": []
    },
    {
      "text": "ਪੈਸੇ",
      "note": "",
      "tags": []
    },
    {
      "text": "ਕੱਪੜੇ",
      "note": "",
      "tags": []
    },
    {
      "text": "ਜੁੱਤੇ",
      "note": "",
      "tags": []
    },
    {
      "text": "ਬੈਗ",
      "note": "",
      "tags": []
    },
    {
      "text": "ਘੜੀ",
      "note": "",
      "tags": []
    },
    {
      "text": "ਫੋਨ",
      "note": "",
      "tags": []
    },
    {
      "text": "ਕੰਪਿਊਟਰ",
      "note": "",
      "tags": []
    },
    {
      "text": "ਕਾਰ",
      "note": "",
      "tags": []
    },
    {
      "text": "ਚੰਦਰਮਾ",
      "note": "ਚੰਦਰਮਾ",
      "tags": []
    },
    {
      "text": "ਤਾਰਾ",
      "note": "ਅੰਤਰਿਕਸ਼",
      "tags": []
    },
    {
      "text": "ਸੂਰਜ",
      "note": "",
      "tags": []
    },
    {
      "text": "ਆਸਮਾਨ",
      "note": "",
      "tags": []
    },
    {
      "text": "ਸਮੁੰਦਰ",
      "note": "",
      "tags": []
    },
    {
      "text": "ਪਹਾੜ",
      "note": "",
      "tags": []
    },
    {
      "text": "ਫੁੱਲ",
      "note": "",
      "tags": []
    },
    {
      "text": "ਰੁੱਖ",
      "note": "",
      "tags": []
    },
    {
      "text": "ਕੁੱਤਾ",
      "note": "",
      "tags": []
    },
    {
      "text": "ਬਿੱਲੀ",
      "note": "",
      "tags": []
    },
    {
      "text": "ਅੱਜ",
      "note": "",
      "tags": []
    },
    {
      "text": "ਭਲਕੇ (ਕੱਲ੍ਹ)",
      "note": "",
      "tags": []
    },
    {
      "text": "ਕੱਲ੍ਹ (ਬੀਤਿਆ)",
      "note": "",
      "tags": []
    },
    {
      "text": "ਹੁਣ",
      "note": "",
      "tags": []
    },
    {
      "text": "ਸਮਾਂ",
      "note": "",
      "tags": []
    },
    {
      "text": "ਦਿਨ",
      "note": "",
      "tags": []
    },
    {
      "text": "ਰਾਤ",
      "note": "",
      "tags": []
    }
  ]
}