{
  "default_type": "word",
  "subject": "50 അടിസ്ഥാന നാമങ്ങൾ",
  "pos": "noun",
  "entries": [
    {
      "text": "ഞാൻ",
      "note": "",
      "tags": []
    },
    {
      "text": "താങ്കൾ / നീ",
      "note": "",
      "tags": []
    },
    {
      "text": "ഇത്",
      "note": "",
      "tags": []
    },
    {
      "text": "അത്",
      "note": "",
      "tags": []
    },
    {
      "text": "ആര്",
      "note": "",
      "tags": []
    },
    {
      "text": "എന്ത്",
      "note": "",
      "tags": []
    },
    {
      "text": "എവിടെ",
      "note": "",
      "tags": []
    },
    {
      "text": "എപ്പോൾ",
      "note": "",
      "tags": []
    },
    {
      "text": "എന്തിന്",
      "note": "",
      "tags": []
    },
    {
      "text": "എങ്ങനെ",
      "note": "",
      "tags": []
    },
    {
      "text": "ആളുകൾ",
      "note": "",
      "tags": []
    },
    {
      "text": "കൂട്ടുകാരൻ",
      "note": "",
      "tags": []
    },
    {
      "text": "കുടുംബം",
      "note": "",
      "tags": []
    },
    {
      "text": "പേര്",
      "note": "",
      "tags": []
    },
    {
      "text": "വീട്",
      "note": "",
      "tags": []
    },
    {
      "text": "സ്കൂൾ",
      "note": "",
      "tags": []
    },
    {
      "text": "സ്ഥാപനം / കമ്പനി",
      "note": "",
      "tags": []
    },
    {
      "text": "ആശുപത്രി",
      "note": "",
      "tags": []
    },
    {
      "text": "മാർക്കറ്റ് / ചന്ത",
      "note": "",
      "tags": []
    },
    {
      "text": "ഭക്ഷണശാല / റെസ്റ്റോറന്റ്",
      "note": "",
      "tags": []
    },
    {
      "text": "കാഫി ഷോപ്പ്",
      "note": "",
      "tags": []
    },
    {
      "text": "ടോയ്‌ലറ്റ്",
      "note": "",
      "tags": []
    },
    {
      "text": "പുസ്തകം",
      "note": "",
      "tags": []
    },
    {
      "text": "വെള്ളം",
      "note": "",
      "tags": []
    },
    {
      "text": "ഭക്ഷണം",
      "note": "",
      "tags": []
    },
    {
      "text": "പണം",
      "note": "",
      "tags": []
    },
    {
      "text": "വസ്ത്രം",
      "note": "",
      "tags": []
    },
    {
      "text": "ഷൂസ്",
      "note": "",
      "tags": []
    },
    {
      "text": "ബാഗ്",
      "note": "",
      "tags": []
    },
    {
      "text": "ക്ലോക്ക് / വാച്ച്",
      "note": "",
      "tags": []
    },
    {
      "text": "ഫോൺ",
      "note": "",
      "tags": []
    },
    {
      "text": "കമ്പ്യൂട്ടർ",
      "note": "",
      "tags": []
    },
    {
      "text": "കാർ",
      "note": "",
      "tags": []
    },
    {
      "text": "ചന്ദ്രൻ",
      "note": "ചന്ദ്രൻ",
      "tags": []
    },
    {
      "text": "നക്ഷത്രം",
      "note": "ആകാശം",
      "tags": []
    },
    {
      "text": "സൂര്യൻ",
      "note": "",
      "tags": []
    },
    {
      "text": "ആകാശം",
      "note": "",
      "tags": []
    },
    {
      "text": "കടൽ",
      "note": "",
      "tags": []
    },
    {
      "text": "മല / പർവ്വതം",
      "note": "",
      "tags": []
    },
    {
      "text": "പൂവ്",
      "note": "",
      "tags": []
    },
    {
      "text": "മരം",
      "note": "",
      "tags": []
    },
    {
      "text": "നായ",
      "note": "",
      "tags": []
    },
    {
      "text": "പൂച്ച",
      "note": "",
      "tags": []
    },
    {
      "text": "ഇന്ന്",
      "note": "",
      "tags": []
    },
    {
      "text": "നാളെ",
      "note": "",
      "tags": []
    },
    {
      "text": "ഇന്നലെ",
      "note": "",
      "tags": []
    },
    {
      "text": "ഇപ്പോൾ",
      "note": "",
      "tags": []
    },
    {
      "text": "സമയം",
      "note": "",
      "tags": []
    },
    {
      "text": "പകൽ",
      "note": "",
      "tags": []
    },
    {
      "text": "രാത്രി",
      "note": "",
      "tags": []
    }
  ]
}