{
  "default_type": "word",
  "subject": "100 അടിസ്ഥാന ക്രിയകൾ",
  "pos": "verb",
  "entries": [
    {
      "text": "പോകുക",
      "note": "",
      "tags": []
    },
    {
      "text": "വരുക",
      "note": "",
      "tags": []
    },
    {
      "text": "കഴിക്കുക",
      "note": "",
      "tags": []
    },
    {
      "text": "കുടിക്കുക",
      "note": "",
      "tags": []
    },
    {
      "text": "ഉറങ്ങുക",
      "note": "",
      "tags": []
    },
    {
      "text": "കാണുക",
      "note": "",
      "tags": []
    },
    {
      "text": "വാങ്ങുക",
      "note": "",
      "tags": []
    },
    {
      "text": "വിൽക്കുക",
      "note": "",
      "tags": []
    },
    {
      "text": "വായിക്കുക",
      "note": "",
      "tags": []
    },
    {
      "text": "എഴുതുക",
      "note": "എഴുത്ത്",
      "tags": []
    },
    {
      "text": "കേൾക്കുക",
      "note": "",
      "tags": []
    },
    {
      "text": "സംസാരിക്കുക",
      "note": "",
      "tags": []
    },
    {
      "text": "ചെയ്യുക",
      "note": "",
      "tags": []
    },
    {
      "text": "ജോലി ചെയ്യുക",
      "note": "",
      "tags": []
    },
    {
      "text": "പഠിക്കുക",
      "note": "",
      "tags": []
    },
    {
      "text": "പഠിപ്പിക്കുക",
      "note": "",
      "tags": []
    },
    {
      "text": "പഠിക്കുക",
      "note": "",
      "tags": []
    },
    {
      "text": "കാത്തിരിക്കുക",
      "note": "",
      "tags": []
    },
    {
      "text": "കണ്ടുമുട്ടുക",
      "note": "",
      "tags": []
    },
    {
      "text": "സ്നേഹിക്കുക",
      "note": "",
      "tags": []
    },
    {
      "text": "ഇഷ്ടപ്പെടുക",
      "note": "",
      "tags": []
    },
    {
      "text": "വെറുക്കുക",
      "note": "",
      "tags": []
    },
    {
      "text": "ചിരിക്കുക",
      "note": "",
      "tags": []
    },
    {
      "text": "കരയുക",
      "note": "",
      "tags": []
    },
    {
      "text": "നടക്കുക",
      "note": "",
      "tags": []
    },
    {
      "text": "ഓടുക",
      "note": "ഓട്ടം",
      "tags": []
    },
    {
      "text": "ഇരിക്കുക",
      "note": "",
      "tags": []
    },
    {
      "text": "നിൽക്കുക",
      "note": "",
      "tags": []
    },
    {
      "text": "നൽകുക",
      "note": "",
      "tags": []
    },
    {
      "text": "സ്വീകരിക്കുക",
      "note": "",
      "tags": []
    },
    {
      "text": "തുറക്കുക",
      "note": "",
      "tags": []
    },
    {
      "text": "അടയ്ക്കുക",
      "note": "",
      "tags": []
    },
    {
      "text": "ചിന്തിക്കുക",
      "note": "",
      "tags": []
    },
    {
      "text": "അറിയുക",
      "note": "",
      "tags": []
    },
    {
      "text": "അറിയാതിരിക്കുക",
      "note": "",
      "tags": []
    },
    {
      "text": "അന്വേഷിക്കുക / കണ്ടെത്തുക",
      "note": "",
      "tags": []
    },
    {
      "text": "നഷ്ടപ്പെടുക",
      "note": "",
      "tags": []
    },
    {
      "text": "സഹായിക്കുക",
      "note": "",
      "tags": []
    },
    {
      "text": "കഴുകുക",
      "note": "",
      "tags": []
    },
    {
      "text": "പാചകം ചെയ്യുക",
      "note": "",
      "tags": []
    },
    {
      "text": "പാടുക",
      "note": "",
      "tags": []
    },
    {
      "text": "നൃത്തം ചെയ്യുക",
      "note": "",
      "tags": []
    },
    {
      "text": "ഉപയോഗിക്കുക",
      "note": "",
      "tags": []
    },
    {
      "text": "ഉണ്ടാക്കുക",
      "note": "",
      "tags": []
    },
    {
      "text": "വിളിക്കുക / പാടുക",
      "note": "പാട്ട് / പേര്",
      "tags": []
    },
    {
      "text": "പിടിക്കുക",
      "note": "",
      "tags": []
    },
    {
      "text": "വെക്കുക / ഉപേക്ഷിക്കുക",
      "note": "",
      "tags": []
    },
    {
      "text": "അകത്ത് കടക്കുക",
      "note": "",
      "tags": []
    },
    {
      "text": "പുറത്ത് പോകുക",
      "note": "",
      "tags": []
    },
    {
      "text": "കയറുക",
      "note": "വാഹനം",
      "tags": []
    },
    {
      "text": "ഇറങ്ങുക",
      "note": "വാഹനം",
      "tags": []
    },
    {
      "text": "അയക്കുക",
      "note": "",
      "tags": []
    },
    {
      "text": "സമർപ്പിക്കുക",
      "note": "സമർപ്പണം",
      "tags": []
    },
    {
      "text": "സുഖമാണോ",
      "note": "അഭിവാദ്യം",
      "tags": []
    },
    {
      "text": "ആരംഭിക്കുക",
      "note": "",
      "tags": []
    },
    {
      "text": "അവസാനിപ്പിക്കുക",
      "note": "",
      "tags": []
    },
    {
      "text": "വിശ്രമിക്കുക",
      "note": "വിശ്രമം",
      "tags": []
    },
    {
      "text": "ചോദിക്കുക",
      "note": "ചോദ്യം",
      "tags": []
    },
    {
      "text": "മറുപടി പറയുക",
      "note": "",
      "tags": []
    },
    {
      "text": "വാഗ്ദാനം ചെയ്യുക",
      "note": "",
      "tags": []
    },
    {
      "text": "വിഷമിക്കുക",
      "note": "",
      "tags": []
    },
    {
      "text": "വിശ്വസിക്കുക",
      "note": "",
      "tags": []
    },
    {
      "text": "സംശയിക്കുക",
      "note": "",
      "tags": []
    },
    {
      "text": "ആഗ്രഹിക്കുക / പ്രത്യാശിക്കുക",
      "note": "പ്രത്യാശ",
      "tags": []
    },
    {
      "text": "സ്വപ്നം കാണുക",
      "note": "",
      "tags": []
    },
    {
      "text": "വഴക്കിടുക / പൊരുതുക",
      "note": "",
      "tags": []
    },
    {
      "text": "ജയിക്കുക",
      "note": "",
      "tags": []
    },
    {
      "text": "തോൽക്കുക",
      "note": "പരാജയം",
      "tags": []
    },
    {
      "text": "വളരുക",
      "note": "വളർച്ച",
      "tags": []
    },
    {
      "text": "ജീവിക്കുക / വസിക്കുക",
      "note": "",
      "tags": []
    },
    {
      "text": "മരിക്കുക",
      "note": "",
      "tags": []
    },
    {
      "text": "എടുക്കുക",
      "note": "",
      "tags": []
    },
    {
      "text": "എറിഞ്ഞുകളയുക",
      "note": "",
      "tags": []
    },
    {
      "text": "ഒളിപ്പിക്കുക",
      "note": "",
      "tags": []
    },
    {
      "text": "തിരയുക",
      "note": "",
      "tags": []
    },
    {
      "text": "തിരഞ്ഞെടുക്കുക",
      "note": "",
      "tags": []
    },
    {
      "text": "മാറ്റുക",
      "note": "",
      "tags": []
    },
    {
      "text": "ഓർഡർ ചെയ്യുക",
      "note": "സാധനങ്ങൾ വാങ്ങൽ",
      "tags": []
    },
    {
      "text": "തയ്യാറാക്കുക",
      "note": "",
      "tags": []
    },
    {
      "text": "പിടിക്കുക",
      "note": "",
      "tags": []
    },
    {
      "text": "എറിയുക",
      "note": "",
      "tags": []
    },
    {
      "text": "വലിക്കുക",
      "note": "",
      "tags": []
    },
    {
      "text": "തള്ളുക",
      "note": "",
      "tags": []
    },
    {
      "text": "നന്നാക്കുക",
      "note": "അറ്റകുറ്റപ്പണി",
      "tags": []
    },
    {
      "text": "പൊട്ടിക്കുക",
      "note": "",
      "tags": []
    },
    {
      "text": "അസുഖം വരിക / വേദനിക്കുക",
      "note": "",
      "tags": []
    },
    {
      "text": "ചികിത്സിക്കുക",
      "note": "",
      "tags": []
    },
    {
      "text": "വ്യായാമം ചെയ്യുക",
      "note": "",
      "tags": []
    },
    {
      "text": "നീന്തുക",
      "note": "",
      "tags": []
    },
    {
      "text": "യാത്ര ചെയ്യുക",
      "note": "",
      "tags": []
    },
    {
      "text": "ഓടിക്കുക (വാഹനം)",
      "note": "",
      "tags": []
    },
    {
      "text": "വൃത്തിയാക്കുക",
      "note": "",
      "tags": []
    },
    {
      "text": "പാത്രം കഴുകുക",
      "note": "",
      "tags": []
    },
    {
      "text": "അലക്കുക",
      "note": "",
      "tags": []
    },
    {
      "text": "കുളിക്കുക",
      "note": "",
      "tags": []
    },
    {
      "text": "പല്ല് തേക്കുക",
      "note": "",
      "tags": []
    },
    {
      "text": "ഉണരുക / എഴുന്നേൽക്കുക",
      "note": "ഉണരൽ",
      "tags": []
    },
    {
      "text": "ഉറങ്ങാൻ പോകുക",
      "note": "ഉറക്കം",
      "tags": []
    },
    {
      "text": "മനസ്സിലാക്കുക",
      "note": "",
      "tags": []
    },
    {
      "text": "ഓർമ്മിക്കുക",
      "note": "",
      "tags": []
    }
  ]
}