{
  "default_type": "word",
  "subject": "මූලික නාමපද 50",
  "pos": "noun",
  "entries": [
    {
      "text": "මම",
      "note": "",
      "tags": []
    },
    {
      "text": "ඔබ / ඔයා",
      "note": "",
      "tags": []
    },
    {
      "text": "මෙය",
      "note": "",
      "tags": []
    },
    {
      "text": "එය",
      "note": "",
      "tags": []
    },
    {
      "text": "කවුද",
      "note": "",
      "tags": []
    },
    {
      "text": "මොකක්ද",
      "note": "",
      "tags": []
    },
    {
      "text": "කොහෙද",
      "note": "",
      "tags": []
    },
    {
      "text": "කවදාද",
      "note": "",
      "tags": []
    },
    {
      "text": "ඇයි",
      "note": "",
      "tags": []
    },
    {
      "text": "කොහොමද",
      "note": "",
      "tags": []
    },
    {
      "text": "මිනිස්සු",
      "note": "",
      "tags": []
    },
    {
      "text": "යහළුවා",
      "note": "",
      "tags": []
    },
    {
      "text": "පවුල",
      "note": "",
      "tags": []
    },
    {
      "text": "නම",
      "note": "",
      "tags": []
    },
    {
      "text": "ගෙදර",
      "note": "",
      "tags": []
    },
    {
      "text": "පාසල",
      "note": "",
      "tags": []
    },
    {
      "text": "ආයතනය / සමාගම",
      "note": "",
      "tags": []
    },
    {
      "text": "රෝහල",
      "note": "",
      "tags": []
    },
    {
      "text": "වෙළෙඳපොළ",
      "note": "",
      "tags": []
    },
    {
      "text": "ආපන ශාලාව",
      "note": "",
      "tags": []
    },
    {
      "text": "කෝපි හල",
      "note": "",
      "tags": []
    },
    {
      "text": "වැසිකිළිය",
      "note": "",
      "tags": []
    },
    {
      "text": "පොත",
      "note": "",
      "tags": []
    },
    {
      "text": "වතුර",
      "note": "",
      "tags": []
    },
    {
      "text": "කෑම",
      "note": "",
      "tags": []
    },
    {
      "text": "සල්ලි",
      "note": "",
      "tags": []
    },
    {
      "text": "ඇඳුම්",
      "note": "",
      "tags": []
    },
    {
      "text": "සපත්තු",
      "note": "",
      "tags": []
    },
    {
      "text": "බෑගය",
      "note": "",
      "tags": []
    },
    {
      "text": "ඔරලෝසුව",
      "note": "",
      "tags": []
    },
    {
      "text": "දුරකථනය",
      "note": "",
      "tags": []
    },
    {
      "text": "පරිගණකය",
      "note": "",
      "tags": []
    },
    {
      "text": "මෝටර් රථය",
      "note": "",
      "tags": []
    },
    {
      "text": "හඳ",
      "note": "චන්ද්‍රයා",
      "tags": []
    },
    {
      "text": "තරුව",
      "note": "අභ්‍යවකාශය",
      "tags": []
    },
    {
      "text": "ඉර / සූර්යයා",
      "note": "",
      "tags": []
    },
    {
      "text": "අහස",
      "note": "",
      "tags": []
    },
    {
      "text": "මුහුද",
      "note": "",
      "tags": []
    },
    {
      "text": "කන්ද",
      "note": "",
      "tags": []
    },
    {
      "text": "මල",
      "note": "",
      "tags": []
    },
    {
      "text": "ගස",
      "note": "",
      "tags": []
    },
    {
      "text": "බල්ලා",
      "note": "",
      "tags": []
    },
    {
      "text": "පූසා",
      "note": "",
      "tags": []
    },
    {
      "text": "අද",
      "note": "",
      "tags": []
    },
    {
      "text": "හෙට",
      "note": "",
      "tags": []
    },
    {
      "text": "ඊයේ",
      "note": "",
      "tags": []
    },
    {
      "text": "දැන්",
      "note": "",
      "tags": []
    },
    {
      "text": "වේලාව",
      "note": "",
      "tags": []
    },
    {
      "text": "දවස",
      "note": "",
      "tags": []
    },
    {
      "text": "රාත්‍රිය",
      "note": "",
      "tags": []
    }
  ]
}