{
  "default_type": "word",
  "subject": "මූලික ක්‍රියාපද 100",
  "pos": "verb",
  "entries": [
    {
      "text": "යනවා",
      "note": "",
      "tags": []
    },
    {
      "text": "එනවා",
      "note": "",
      "tags": []
    },
    {
      "text": "කනවා",
      "note": "",
      "tags": []
    },
    {
      "text": "බොනවා",
      "note": "",
      "tags": []
    },
    {
      "text": "නිදාගන්නවා",
      "note": "",
      "tags": []
    },
    {
      "text": "බලනවා",
      "note": "",
      "tags": []
    },
    {
      "text": "මිලදී ගන්නවා",
      "note": "",
      "tags": []
    },
    {
      "text": "විකුණනවා",
      "note": "",
      "tags": []
    },
    {
      "text": "කියවනවා",
      "note": "",
      "tags": []
    },
    {
      "text": "ලියනවා",
      "note": "ලේඛනය",
      "tags": []
    },
    {
      "text": "අහනවා",
      "note": "",
      "tags": []
    },
    {
      "text": "කතා කරනවා",
      "note": "",
      "tags": []
    },
    {
      "text": "කරනවා",
      "note": "",
      "tags": []
    },
    {
      "text": "වැඩ කරනවා",
      "note": "",
      "tags": []
    },
    {
      "text": "ඉගෙන ගන්නවා",
      "note": "",
      "tags": []
    },
    {
      "text": "උගන්වනවා",
      "note": "",
      "tags": []
    },
    {
      "text": "ඉගෙන ගන්නවා (ප්‍රගුණ කරනවා)",
      "note": "",
      "tags": []
    },
    {
      "text": "බලා සිටිනවා",
      "note": "",
      "tags": []
    },
    {
      "text": "හමු වෙනවා",
      "note": "",
      "tags": []
    },
    {
      "text": "ආදරය කරනවා",
      "note": "",
      "tags": []
    },
    {
      "text": "කැමති වෙනවා",
      "note": "",
      "tags": []
    },
    {
      "text": "වෛර කරනවා",
      "note": "",
      "tags": []
    },
    {
      "text": "හිනා වෙනවා",
      "note": "",
      "tags": []
    },
    {
      "text": "අඬනවා",
      "note": "",
      "tags": []
    },
    {
      "text": "ඇවිදිනවා",
      "note": "",
      "tags": []
    },
    {
      "text": "දුවනවා",
      "note": "දිවීම",
      "tags": []
    },
    {
      "text": "ඉඳගන්නවා",
      "note": "",
      "tags": []
    },
    {
      "text": "හිටගන්නවා",
      "note": "",
      "tags": []
    },
    {
      "text": "දෙනවා",
      "note": "",
      "tags": []
    },
    {
      "text": "ලැබෙනවා / පිළිගන්නවා",
      "note": "",
      "tags": []
    },
    {
      "text": "අරිනවා",
      "note": "",
      "tags": []
    },
    {
      "text": "වහනවා",
      "note": "",
      "tags": []
    },
    {
      "text": "හිතනවා",
      "note": "",
      "tags": []
    },
    {
      "text": "දන්නවා",
      "note": "",
      "tags": []
    },
    {
      "text": "දන්නේ නැහැ",
      "note": "",
      "tags": []
    },
    {
      "text": "සොයනවා / හමු වෙනවා",
      "note": "",
      "tags": []
    },
    {
      "text": "නැති වෙනවා",
      "note": "",
      "tags": []
    },
    {
      "text": "උදවු කරනවා",
      "note": "",
      "tags": []
    },
    {
      "text": "සෝදනවා",
      "note": "",
      "tags": []
    },
    {
      "text": "උයනවා",
      "note": "",
      "tags": []
    },
    {
      "text": "සිංදු කියනවා",
      "note": "",
      "tags": []
    },
    {
      "text": "නටනවා",
      "note": "",
      "tags": []
    },
    {
      "text": "භාවිතා කරනවා",
      "note": "",
      "tags": []
    },
    {
      "text": "හදනවා",
      "note": "",
      "tags": []
    },
    {
      "text": "අමතනවා / කියනවා",
      "note": "ගීතය / නම",
      "tags": []
    },
    {
      "text": "අල්ලනවා",
      "note": "",
      "tags": []
    },
    {
      "text": "තබනවා / අත්හරිනවා",
      "note": "",
      "tags": []
    },
    {
      "text": "ඇතුල් වෙනවා",
      "note": "",
      "tags": []
    },
    {
      "text": "පිටව යනවා",
      "note": "",
      "tags": []
    },
    {
      "text": "නගිනවා",
      "note": "වාහනය",
      "tags": []
    },
    {
      "text": "බහිනවා",
      "note": "වාහනය",
      "tags": []
    },
    {
      "text": "යවනවා",
      "note": "",
      "tags": []
    },
    {
      "text": "ඉදිරිපත් කරනවා",
      "note": "ඉදිරිපත් කිරීම",
      "tags": []
    },
    {
      "text": "සැප සනීප",
      "note": "සම්භාෂණය",
      "tags": []
    },
    {
      "text": "ආරම්භ කරනවා",
      "note": "",
      "tags": []
    },
    {
      "text": "අවසන් කරනවා",
      "note": "",
      "tags": []
    },
    {
      "text": "විවේක ගන්නවා",
      "note": "විවේකය",
      "tags": []
    },
    {
      "text": "අසනවා",
      "note": "ප්‍රශ්නය",
      "tags": []
    },
    {
      "text": "පිළිතුරු දෙනවා",
      "note": "",
      "tags": []
    },
    {
      "text": "පොරොන්දු වෙනවා",
      "note": "",
      "tags": []
    },
    {
      "text": "කනස්සල්ලට පත් වෙනවා",
      "note": "",
      "tags": []
    },
    {
      "text": "විශ්වාස කරනවා",
      "note": "",
      "tags": []
    },
    {
      "text": "සැක කරනවා",
      "note": "",
      "tags": []
    },
    {
      "text": "ප්‍රාර්ථනා කරනවා / බලාපොරොත්තු වෙනවා",
      "note": "බලාපොරොත්තුව",
      "tags": []
    },
    {
      "text": "හීන දකිනවා",
      "note": "",
      "tags": []
    },
    {
      "text": "රණ්ඩු වෙනවා",
      "note": "",
      "tags": []
    },
    {
      "text": "දිනනවා",
      "note": "",
      "tags": []
    },
    {
      "text": "පරදිනවා",
      "note": "පරාජය",
      "tags": []
    },
    {
      "text": "වැඩෙනවා",
      "note": "වර්ධනය",
      "tags": []
    },
    {
      "text": "ජීවත් වෙනවා / පදිංචි වී සිටිනවා",
      "note": "",
      "tags": []
    },
    {
      "text": "මිය යනවා",
      "note": "",
      "tags": []
    },
    {
      "text": "අහුලා ගන්නවා",
      "note": "",
      "tags": []
    },
    {
      "text": "විසි කරනවා",
      "note": "",
      "tags": []
    },
    {
      "text": "සඟවනවා",
      "note": "",
      "tags": []
    },
    {
      "text": "සොයනවා (අන්වේෂණය)",
      "note": "",
      "tags": []
    },
    {
      "text": "තෝරා ගන්නවා",
      "note": "",
      "tags": []
    },
    {
      "text": "වෙනස් කරනවා",
      "note": "",
      "tags": []
    },
    {
      "text": "ඇණවුම් කරනවා",
      "note": "භාණ්ඩ මිලදී ගැනීම",
      "tags": []
    },
    {
      "text": "සූදානම් කරනවා",
      "note": "",
      "tags": []
    },
    {
      "text": "අල්ලා ගන්නවා",
      "note": "",
      "tags": []
    },
    {
      "text": "විසි කරනවා (ගසනවා)",
      "note": "",
      "tags": []
    },
    {
      "text": "අදිනවා",
      "note": "",
      "tags": []
    },
    {
      "text": "තල්ලු කරනවා",
      "note": "",
      "tags": []
    },
    {
      "text": "අලුත්වැඩියා කරනවා",
      "note": "අලුත්වැඩියාව",
      "tags": []
    },
    {
      "text": "කඩනවා / කැඩෙනවා",
      "note": "",
      "tags": []
    },
    {
      "text": "අසනීප වෙනවා / රිදෙනවා",
      "note": "",
      "tags": []
    },
    {
      "text": "ප්‍රතිකාර කරනවා",
      "note": "",
      "tags": []
    },
    {
      "text": "ව්‍යායාම කරනවා",
      "note": "",
      "tags": []
    },
    {
      "text": "පීනනවා",
      "note": "",
      "tags": []
    },
    {
      "text": "සංචාරය කරනවා",
      "note": "",
      "tags": []
    },
    {
      "text": "ධාවනය කරනවා (වාහන)",
      "note": "",
      "tags": []
    },
    {
      "text": "පිරිසිදු කරනවා",
      "note": "",
      "tags": []
    },
    {
      "text": "භාජන සෝදනවා",
      "note": "",
      "tags": []
    },
    {
      "text": "රෙදි සෝදනවා",
      "note": "",
      "tags": []
    },
    {
      "text": "නානවා",
      "note": "",
      "tags": []
    },
    {
      "text": "දත් මදිනවා",
      "note": "",
      "tags": []
    },
    {
      "text": "අවදි වෙනවා / නැගිටිනවා",
      "note": "අවදි වීම",
      "tags": []
    },
    {
      "text": "නිදාගන්න යනවා",
      "note": "නිද්‍රාව",
      "tags": []
    },
    {
      "text": "තේරුම් ගන්නවා",
      "note": "",
      "tags": []
    },
    {
      "text": "මතක තබා ගන්නවා",
      "note": "",
      "tags": []
    }
  ]
}