{
  "default_type": "word",
  "subject": "བྱ་ཚིག་གཞི་རིམ་ ༡༠༠",
  "pos": "verb",
  "entries": [
    {
      "text": "འགྲོ་བ།",
      "note": "",
      "tags": []
    },
    {
      "text": "ཡོང་བ།",
      "note": "",
      "tags": []
    },
    {
      "text": "ཟ་བ།",
      "note": "",
      "tags": []
    },
    {
      "text": "འཐུང་བ།",
      "note": "",
      "tags": []
    },
    {
      "text": "ཉལ་བ།",
      "note": "",
      "tags": []
    },
    {
      "text": "མཐོང་བ།",
      "note": "",
      "tags": []
    },
    {
      "text": "ཉོ་བ།",
      "note": "",
      "tags": []
    },
    {
      "text": "འཚོང་བ།",
      "note": "",
      "tags": []
    },
    {
      "text": "ཀློག་པ།",
      "note": "",
      "tags": []
    },
    {
      "text": "འབྲི་བ།",
      "note": "Writing",
      "tags": []
    },
    {
      "text": "ཉན་པ།",
      "note": "",
      "tags": []
    },
    {
      "text": "བཤད་པ།",
      "note": "",
      "tags": []
    },
    {
      "text": "བྱེད་པ།",
      "note": "",
      "tags": []
    },
    {
      "text": "ལས་ཀ་བྱེད་པ།",
      "note": "",
      "tags": []
    },
    {
      "text": "སློབ་སྦྱོང་བྱེད་པ།",
      "note": "",
      "tags": []
    },
    {
      "text": "སློབ་ཁྲིད་བྱེད་པ།",
      "note": "",
      "tags": []
    },
    {
      "text": "སློབ་པ།",
      "note": "",
      "tags": []
    },
    {
      "text": "སྒུག་པ།",
      "note": "",
      "tags": []
    },
    {
      "text": "ཐུག་པ།",
      "note": "",
      "tags": []
    },
    {
      "text": "དགའ་པོ།",
      "note": "",
      "tags": []
    },
    {
      "text": "མོས་པ།",
      "note": "",
      "tags": []
    },
    {
      "text": "མི་དགའ་པོ།",
      "note": "",
      "tags": []
    },
    {
      "text": "དགོད་པ།",
      "note": "",
      "tags": []
    },
    {
      "text": "ངུ་བ།",
      "note": "",
      "tags": []
    },
    {
      "text": "འགྲོ་བ།",
      "note": "",
      "tags": []
    },
    {
      "text": "རྒྱུག་པ།",
      "note": "Running",
      "tags": []
    },
    {
      "text": "སྡོད་པ།",
      "note": "",
      "tags": []
    },
    {
      "text": "ལངས་པ།",
      "note": "",
      "tags": []
    },
    {
      "text": "སྤྲོད་པ།",
      "note": "",
      "tags": []
    },
    {
      "text": "ལེན་པ།",
      "note": "",
      "tags": []
    },
    {
      "text": "ཁ་ཕྱེ་བ།",
      "note": "",
      "tags": []
    },
    {
      "text": "རྒྱག་པ།",
      "note": "",
      "tags": []
    },
    {
      "text": "བསམ་བློ་གཏོང་བ།",
      "note": "",
      "tags": []
    },
    {
      "text": "ཤེས་པ།",
      "note": "",
      "tags": []
    },
    {
      "text": "མི་ཤེས་པ།",
      "note": "",
      "tags": []
    },
    {
      "text": "རྙེད་པ།",
      "note": "",
      "tags": []
    },
    {
      "text": "བརླག་པ།",
      "note": "",
      "tags": []
    },
    {
      "text": "རོགས་བྱེད་པ།",
      "note": "",
      "tags": []
    },
    {
      "text": "འཁྲུད་པ།",
      "note": "",
      "tags": []
    },
    {
      "text": "གཡོས་སྦྱོར་བྱེད་པ།",
      "note": "",
      "tags": []
    },
    {
      "text": "གླུ་ལེན་པ།",
      "note": "",
      "tags": []
    },
    {
      "text": "ཞབས་བྲོ་འཁྲབ་པ།",
      "note": "",
      "tags": []
    },
    {
      "text": "བེད་སྤྱོད་གཏོང་བ།",
      "note": "",
      "tags": []
    },
    {
      "text": "བཟོ་བ།",
      "note": "",
      "tags": []
    },
    {
      "text": "འབོད་པ།",
      "note": "Song / Name",
      "tags": []
    },
    {
      "text": "འཛིན་པ / འཇུ་བ།",
      "note": "",
      "tags": []
    },
    {
      "text": "འཇོག་པ / འདོར་བ།",
      "note": "",
      "tags": []
    },
    {
      "text": "ནང་དུ་འཛུལ་བ།",
      "note": "",
      "tags": []
    },
    {
      "text": "ཕྱིར་ཐོན་པ།",
      "note": "",
      "tags": []
    },
    {
      "text": "ནང་འཛུལ་བ།",
      "note": "Boarding",
      "tags": []
    },
    {
      "text": "མར་འབབ་པ།",
      "note": "Alighting",
      "tags": []
    },
    {
      "text": "སྐུར་བ།",
      "note": "",
      "tags": []
    },
    {
      "text": "སྤྲོད་པ།",
      "note": "Submission",
      "tags": []
    },
    {
      "text": "མཐུན་པ།",
      "note": "Greetings",
      "tags": []
    },
    {
      "text": "འགོ་འཛུགས་པ།",
      "note": "",
      "tags": []
    },
    {
      "text": "མཇུག་སྡུད་པ།",
      "note": "",
      "tags": []
    },
    {
      "text": "ངལ་གསོ་བ།",
      "note": "Relax",
      "tags": []
    },
    {
      "text": "འདྲི་བ།",
      "note": "Question",
      "tags": []
    },
    {
      "text": "ལན་རྒྱག་པ།",
      "note": "",
      "tags": []
    },
    {
      "text": "ཁས་ལེན་པ།",
      "note": "",
      "tags": []
    },
    {
      "text": "སེམས་ཁྲལ་བྱེད་པ།",
      "note": "",
      "tags": []
    },
    {
      "text": "ཡིད་ཆེས་པ།",
      "note": "",
      "tags": []
    },
    {
      "text": "ཐེ་ཚོམ་བྱེད་པ།",
      "note": "",
      "tags": []
    },
    {
      "text": "རེ་བ་ / སྨོན་ལམ་འདེབས་པ།",
      "note": "Hope",
      "tags": []
    },
    {
      "text": "རྨི་ལམ་རྨི་བ།",
      "note": "",
      "tags": []
    },
    {
      "text": "འཐབ་འཛིང་བྱེད་པ།",
      "note": "",
      "tags": []
    },
    {
      "text": "རྒྱལ་ཁ་ཐོབ་པ།",
      "note": "",
      "tags": []
    },
    {
      "text": "ཕམ་ཁ་ཐེབས་པ།",
      "note": "Defeat",
      "tags": []
    },
    {
      "text": "སྐྱེ་བ།",
      "note": "Growth",
      "tags": []
    },
    {
      "text": "འཚོ་བ།",
      "note": "",
      "tags": []
    },
    {
      "text": "འཆི་བ།",
      "note": "",
      "tags": []
    },
    {
      "text": "ལེན་པ།",
      "note": "",
      "tags": []
    },
    {
      "text": "དོར་བ།",
      "note": "",
      "tags": []
    },
    {
      "text": "སྦེད་པ།",
      "note": "",
      "tags": []
    },
    {
      "text": "འཚོལ་བ།",
      "note": "",
      "tags": []
    },
    {
      "text": "འདེམས་པ།",
      "note": "",
      "tags": []
    },
    {
      "text": "བསྒྱུར་བ།",
      "note": "",
      "tags": []
    },
    {
      "text": "མངགས་པ།",
      "note": "Buying items",
      "tags": []
    },
    {
      "text": "གྲ་སྒྲིག་བྱེད་པ།",
      "note": "",
      "tags": []
    },
    {
      "text": "འཛིན་པ།",
      "note": "",
      "tags": []
    },
    {
      "text": "འཕེན་པ།",
      "note": "",
      "tags": []
    },
    {
      "text": "འཐེན་པ།",
      "note": "",
      "tags": []
    },
    {
      "text": "སྐྱོར་བ།",
      "note": "",
      "tags": []
    },
    {
      "text": "ཉམས་གསོ་བྱེད་པ / བཟོ་བཅོས་བྱེད་པ།",
      "note": "Repair",
      "tags": []
    },
    {
      "text": "གས་པ།",
      "note": "",
      "tags": []
    },
    {
      "text": "ན་བ / རྨས་པ།",
      "note": "",
      "tags": []
    },
    {
      "text": "སྨན་བཅོས་བྱེད་པ / དྲག་སྐྱེད་གཏོང་བ།",
      "note": "",
      "tags": []
    },
    {
      "text": "ལུས་སྦྱོང་བྱེད་པ།",
      "note": "",
      "tags": []
    },
    {
      "text": "རྐྱལ་རྐྱལ་བ།",
      "note": "",
      "tags": []
    },
    {
      "text": "འགྲུལ་བཞུད་པ།",
      "note": "",
      "tags": []
    },
    {
      "text": "རླངས་འཁོར་གཏོང་བ།",
      "note": "",
      "tags": []
    },
    {
      "text": "གཙང་མ་བཟོ་བ།",
      "note": "",
      "tags": []
    },
    {
      "text": "ཕོར་པ་འཁྲུ་བ།",
      "note": "",
      "tags": []
    },
    {
      "text": "གོས་འཁྲུ་བ།",
      "note": "",
      "tags": []
    },
    {
      "text": "ཆུ་འཁྲུ་བ།",
      "note": "",
      "tags": []
    },
    {
      "text": "སོ་འཁྲུ་བ།",
      "note": "",
      "tags": []
    },
    {
      "text": "ཡར་ལངས་པ།",
      "note": "Wake up",
      "tags": []
    },
    {
      "text": "ཉལ་ཁྲིར་འགྲོ་བ།",
      "note": "Sleeping",
      "tags": []
    },
    {
      "text": "གོ་བ།",
      "note": "",
      "tags": []
    },
    {
      "text": "དྲན་པ།",
      "note": "",
      "tags": []
    }
  ]
}