{
  "default_type": "sentence",
  "subject": "Pagrindiniai sveikinimai ir kasdieniai sakiniai 50",
  "entries": [
    {
      "text": "Sveiki.",
      "note": "Mandagus pasisveikinimas",
      "form_type": "",
      "style": "",
      "tags": []
    },
    {
      "text": "Malonu susipažinti.",
      "note": "Pirmas susitikimas",
      "form_type": "",
      "style": "",
      "tags": []
    },
    {
      "text": "Seniai nesimatėme.",
      "note": "Susitikimas",
      "form_type": "",
      "style": "",
      "tags": []
    },
    {
      "text": "Ačiū.",
      "note": "Oficialu",
      "form_type": "",
      "style": "",
      "tags": []
    },
    {
      "text": "Atsiprašau.",
      "note": "Oficialu",
      "form_type": "",
      "style": "",
      "tags": []
    },
    {
      "text": "Atsiprašau.",
      "note": "Dėmesio",
      "form_type": "",
      "style": "",
      "tags": []
    },
    {
      "text": "Kaip laikotės?",
      "note": "Sveikinimai",
      "form_type": "",
      "style": "",
      "tags": []
    },
    {
      "text": "Man viskas gerai, ačiū.",
      "note": "",
      "form_type": "",
      "style": "",
      "tags": []
    },
    {
      "text": "Koks tavo vardas?",
      "note": "",
      "form_type": "",
      "style": "",
      "tags": []
    },
    {
      "text": "Mano vardas yra ...",
      "note": "",
      "form_type": "",
      "style": "",
      "tags": []
    },
    {
      "text": "Iš kur tu esi?",
      "note": "",
      "form_type": "",
      "style": "",
      "tags": []
    },
    {
      "text": "Aš iš Amerikos.",
      "note": "",
      "form_type": "",
      "style": "",
      "tags": []
    },
    {
      "text": "Viso gero.",
      "note": "Išeinančiam",
      "form_type": "",
      "style": "",
      "tags": []
    },
    {
      "text": "Viso gero.",
      "note": "Liekančiam",
      "form_type": "",
      "style": "",
      "tags": []
    },
    {
      "text": "Taip.",
      "note": "Teigiamas",
      "form_type": "",
      "style": "",
      "tags": []
    },
    {
      "text": "Ne.",
      "note": "Neigiamas",
      "form_type": "",
      "style": "",
      "tags": []
    },
    {
      "text": "Galbūt.",
      "note": "Spėjimas",
      "form_type": "",
      "style": "",
      "tags": []
    },
    {
      "text": "Aš suprantu.",
      "note": "",
      "form_type": "",
      "style": "",
      "tags": []
    },
    {
      "text": "Aš nežinau.",
      "note": "",
      "form_type": "",
      "style": "",
      "tags": []
    },
    {
      "text": "Prašau, padėkite man.",
      "note": "",
      "form_type": "",
      "style": "",
      "tags": []
    },
    {
      "text": "Palaukite akimirką, prašau.",
      "note": "",
      "form_type": "",
      "style": "",
      "tags": []
    },
    {
      "text": "Kiek tai kainuoja?",
      "note": "Apsipirkimas",
      "form_type": "",
      "style": "",
      "tags": []
    },
    {
      "text": "Kur yra tualetas?",
      "note": "",
      "form_type": "",
      "style": "",
      "tags": []
    },
    {
      "text": "Aš alkanas.",
      "note": "",
      "form_type": "",
      "style": "",
      "tags": []
    },
    {
      "text": "Aš ištroškęs.",
      "note": "",
      "form_type": "",
      "style": "",
      "tags": []
    },
    {
      "text": "Tai skanu.",
      "note": "",
      "form_type": "",
      "style": "",
      "tags": []
    },
    {
      "text": "Man tai patinka.",
      "note": "",
      "form_type": "",
      "style": "",
      "tags": []
    },
    {
      "text": "Viskas gerai.",
      "note": "",
      "form_type": "",
      "style": "",
      "tags": []
    },
    {
      "text": "Sėkmės.",
      "note": "",
      "form_type": "",
      "style": "",
      "tags": []
    },
    {
      "text": "Kiek dabar valandų?",
      "note": "",
      "form_type": "",
      "style": "",
      "tags": []
    },
    {
      "text": "Šiandien geras oras.",
      "note": "",
      "form_type": "",
      "style": "",
      "tags": []
    },
    {
      "text": "Šalta.",
      "note": "",
      "form_type": "",
      "style": "",
      "tags": []
    },
    {
      "text": "Karšta.",
      "note": "",
      "form_type": "",
      "style": "",
      "tags": []
    },
    {
      "text": "Aš pavargęs.",
      "note": "",
      "form_type": "",
      "style": "",
      "tags": []
    },
    {
      "text": "Aš laimingas.",
      "note": "",
      "form_type": "",
      "style": "",
      "tags": []
    },
    {
      "text": "Sveikinu.",
      "note": "",
      "form_type": "",
      "style": "",
      "tags": []
    },
    {
      "text": "Su gimtadieniu.",
      "note": "",
      "form_type": "",
      "style": "",
      "tags": []
    },
    {
      "text": "Geros dienos.",
      "note": "",
      "form_type": "",
      "style": "",
      "tags": []
    },
    {
      "text": "Iki pasimatymo rytoj.",
      "note": "",
      "form_type": "",
      "style": "",
      "tags": []
    },
    {
      "text": "Saugokis.",
      "note": "",
      "form_type": "",
      "style": "",
      "tags": []
    },
    {
      "text": "Ar kalbate angliškai?",
      "note": "",
      "form_type": "",
      "style": "",
      "tags": []
    },
    {
      "text": "Aš moku tik šiek tiek korėjietiškai.",
      "note": "",
      "form_type": "",
      "style": "",
      "tags": []
    },
    {
      "text": "Prašau, kalbėkite lėtai.",
      "note": "",
      "form_type": "",
      "style": "",
      "tags": []
    },
    {
      "text": "Ką tai reiškia?",
      "note": "",
      "form_type": "",
      "style": "",
      "tags": []
    },
    {
      "text": "Kaip tai pasakyti korėjietiškai?",
      "note": "",
      "form_type": "",
      "style": "",
      "tags": []
    },
    {
      "text": "Aš tave myliu.",
      "note": "",
      "form_type": "",
      "style": "",
      "tags": []
    },
    {
      "text": "Prašau palaukti.",
      "note": "",
      "form_type": "",
      "style": "",
      "tags": []
    },
    {
      "text": "Prašom.",
      "note": "",
      "form_type": "",
      "style": "",
      "tags": []
    },
    {
      "text": "Ne, viskas gerai.",
      "note": "",
      "form_type": "",
      "style": "",
      "tags": []
    },
    {
      "text": "Aš turiu klausimą.",
      "note": "",
      "form_type": "",
      "style": "",
      "tags": []
    }
  ]
}