{
  "default_type": "word",
  "subject": "50 ಮೂಲಭೂತ ನಾಮಪದಗಳು",
  "pos": "noun",
  "entries": [
    {
      "text": "ನಾನು",
      "note": "",
      "tags": []
    },
    {
      "text": "ನೀವು / ನೀನು",
      "note": "",
      "tags": []
    },
    {
      "text": "ಇದು",
      "note": "",
      "tags": []
    },
    {
      "text": "ಅದು",
      "note": "",
      "tags": []
    },
    {
      "text": "ಯಾರು",
      "note": "",
      "tags": []
    },
    {
      "text": "ಏನು",
      "note": "",
      "tags": []
    },
    {
      "text": "ಎಲ್ಲಿ",
      "note": "",
      "tags": []
    },
    {
      "text": "ಯಾವಾಗ",
      "note": "",
      "tags": []
    },
    {
      "text": "ಏಕೆ",
      "note": "",
      "tags": []
    },
    {
      "text": "ಹೇಗೆ",
      "note": "",
      "tags": []
    },
    {
      "text": "ಜನರು",
      "note": "",
      "tags": []
    },
    {
      "text": "ಸ್ನೇಹಿತ",
      "note": "",
      "tags": []
    },
    {
      "text": "ಕುಟುಂಬ",
      "note": "",
      "tags": []
    },
    {
      "text": "ಹೆಸರು",
      "note": "",
      "tags": []
    },
    {
      "text": "ಮನೆ",
      "note": "",
      "tags": []
    },
    {
      "text": "ಶಾಲೆ",
      "note": "",
      "tags": []
    },
    {
      "text": "ಕಂಪನಿ",
      "note": "",
      "tags": []
    },
    {
      "text": "ಆಸ್ಪತ್ರೆ",
      "note": "",
      "tags": []
    },
    {
      "text": "ಮಾರುಕಟ್ಟೆ",
      "note": "",
      "tags": []
    },
    {
      "text": "ಹೋಟೆಲ್ / ರೆಸ್ಟೋರೆಂಟ್",
      "note": "",
      "tags": []
    },
    {
      "text": "ಕಾಫಿ ಶಾಪ್",
      "note": "",
      "tags": []
    },
    {
      "text": "ಶೌಚಾಲಯ",
      "note": "",
      "tags": []
    },
    {
      "text": "ಪುಸ್ತಕ",
      "note": "",
      "tags": []
    },
    {
      "text": "ನೀರು",
      "note": "",
      "tags": []
    },
    {
      "text": "ಆಹಾರ",
      "note": "",
      "tags": []
    },
    {
      "text": "ಹಣ",
      "note": "",
      "tags": []
    },
    {
      "text": "ಬಟ್ಟೆ",
      "note": "",
      "tags": []
    },
    {
      "text": "ಪಾದರಕ್ಷೆ",
      "note": "",
      "tags": []
    },
    {
      "text": "ಚೀಲ (ಬ್ಯಾಗ್)",
      "note": "",
      "tags": []
    },
    {
      "text": "ಗಡಿಯಾರ",
      "note": "",
      "tags": []
    },
    {
      "text": "ಫೋನ್",
      "note": "",
      "tags": []
    },
    {
      "text": "ಕಂಪ್ಯೂಟರ್",
      "note": "",
      "tags": []
    },
    {
      "text": "ಕಾರು",
      "note": "",
      "tags": []
    },
    {
      "text": "ಚಂದಿರ",
      "note": "ಚಂದ್ರ",
      "tags": []
    },
    {
      "text": "ನಕ್ಷತ್ರ",
      "note": "ಅಂತರಿಕ್ಷ",
      "tags": []
    },
    {
      "text": "ಸೂರ್ಯ",
      "note": "",
      "tags": []
    },
    {
      "text": "ಆಕಾಶ",
      "note": "",
      "tags": []
    },
    {
      "text": "ಸಮುದ್ರ",
      "note": "",
      "tags": []
    },
    {
      "text": "ಬೆಟ್ಟ / ಪರ್ವತ",
      "note": "",
      "tags": []
    },
    {
      "text": "ಹೂವು",
      "note": "",
      "tags": []
    },
    {
      "text": "ಮರ",
      "note": "",
      "tags": []
    },
    {
      "text": "ನಾಯಿ",
      "note": "",
      "tags": []
    },
    {
      "text": "ಬೆಕ್ಕು",
      "note": "",
      "tags": []
    },
    {
      "text": "ಇಂದು",
      "note": "",
      "tags": []
    },
    {
      "text": "ನಾಳೆ",
      "note": "",
      "tags": []
    },
    {
      "text": "ನಿನ್ನೆ",
      "note": "",
      "tags": []
    },
    {
      "text": "ಈಗ",
      "note": "",
      "tags": []
    },
    {
      "text": "ಸಮಯ",
      "note": "",
      "tags": []
    },
    {
      "text": "ದಿನ",
      "note": "",
      "tags": []
    },
    {
      "text": "ರಾತ್ರಿ",
      "note": "",
      "tags": []
    }
  ]
}