{
  "default_type": "word",
  "subject": "100 ಮೂಲಭೂತ ಕ್ರಿಯಾಪದಗಳು",
  "pos": "verb",
  "entries": [
    {
      "text": "ಹೋಗು",
      "note": "",
      "tags": []
    },
    {
      "text": "ಬಾ",
      "note": "",
      "tags": []
    },
    {
      "text": "ತಿನ್ನು",
      "note": "",
      "tags": []
    },
    {
      "text": "ಕುಡಿ",
      "note": "",
      "tags": []
    },
    {
      "text": "ಮಲಗು",
      "note": "",
      "tags": []
    },
    {
      "text": "ನೋಡು",
      "note": "",
      "tags": []
    },
    {
      "text": "ಕೊಳ್ಳು",
      "note": "",
      "tags": []
    },
    {
      "text": "ಮಾರು",
      "note": "",
      "tags": []
    },
    {
      "text": "ಓದು",
      "note": "",
      "tags": []
    },
    {
      "text": "ಬರೆಯಿರಿ",
      "note": "ಬರವಣಿಗೆ",
      "tags": []
    },
    {
      "text": "ಕೇಳು",
      "note": "",
      "tags": []
    },
    {
      "text": "ಮಾತನಾಡು",
      "note": "",
      "tags": []
    },
    {
      "text": "ಮಾಡು",
      "note": "",
      "tags": []
    },
    {
      "text": "ಕೆಲಸ ಮಾಡು",
      "note": "",
      "tags": []
    },
    {
      "text": "ಅಭ್ಯಾಸ ಮಾಡು",
      "note": "",
      "tags": []
    },
    {
      "text": "ಹೇಳಿಕೊಡು",
      "note": "",
      "tags": []
    },
    {
      "text": "ಕಲಿ",
      "note": "",
      "tags": []
    },
    {
      "text": "ಕಾಯಿ",
      "note": "",
      "tags": []
    },
    {
      "text": "ಭೇಟಿಯಾಗು",
      "note": "",
      "tags": []
    },
    {
      "text": "ಪ್ರೀತಿಸು",
      "note": "",
      "tags": []
    },
    {
      "text": "ಮೆಚ್ಚು",
      "note": "",
      "tags": []
    },
    {
      "text": "ದ್ವೇಷಿಸು",
      "note": "",
      "tags": []
    },
    {
      "text": "ನಗು",
      "note": "",
      "tags": []
    },
    {
      "text": "ಅಳು",
      "note": "",
      "tags": []
    },
    {
      "text": "ನಡೆ",
      "note": "",
      "tags": []
    },
    {
      "text": "ಓಡು",
      "note": "ಓಟ",
      "tags": []
    },
    {
      "text": "ಕುಳಿತುಕೊ",
      "note": "",
      "tags": []
    },
    {
      "text": "ನಿಂತುಕೊ",
      "note": "",
      "tags": []
    },
    {
      "text": "ಕೊಡು",
      "note": "",
      "tags": []
    },
    {
      "text": "ಪಡೆ",
      "note": "",
      "tags": []
    },
    {
      "text": "ತೆರೆ",
      "note": "",
      "tags": []
    },
    {
      "text": "ಮುಚ್ಚು",
      "note": "",
      "tags": []
    },
    {
      "text": "ಯೋಚಿಸು",
      "note": "",
      "tags": []
    },
    {
      "text": "ತಿಳಿ",
      "note": "",
      "tags": []
    },
    {
      "text": "ಅರಿಯದಿರು",
      "note": "",
      "tags": []
    },
    {
      "text": "ಹುಡುಕು / ಪತ್ತೆಹಚ್ಚು",
      "note": "",
      "tags": []
    },
    {
      "text": "ಕಳೆದುಕೊ",
      "note": "",
      "tags": []
    },
    {
      "text": "ಸಹಾಯ ಮಾಡು",
      "note": "",
      "tags": []
    },
    {
      "text": "ತೊಳೆ",
      "note": "",
      "tags": []
    },
    {
      "text": "ಅಡುಗೆ ಮಾಡು",
      "note": "",
      "tags": []
    },
    {
      "text": "ಹಾಡು",
      "note": "",
      "tags": []
    },
    {
      "text": "ಕುಣಿ",
      "note": "",
      "tags": []
    },
    {
      "text": "ಬಳಸು",
      "note": "",
      "tags": []
    },
    {
      "text": "ತಯಾರಿಸು",
      "note": "",
      "tags": []
    },
    {
      "text": "ಕರೆ / ಹಾಡು",
      "note": "ಹಾಡು / ಹೆಸರು",
      "tags": []
    },
    {
      "text": "ಹಿಡಿ",
      "note": "",
      "tags": []
    },
    {
      "text": "ಇಡು / ಬಿಟ್ಟುಕೊಡು",
      "note": "",
      "tags": []
    },
    {
      "text": "ಒಳಬರು",
      "note": "",
      "tags": []
    },
    {
      "text": "ಹೊರಹೋಗು",
      "note": "",
      "tags": []
    },
    {
      "text": "ಹತ್ತಿ",
      "note": "ವಾಹನ",
      "tags": []
    },
    {
      "text": "ಇಳಿಯಿರಿ",
      "note": "ವಾಹನ",
      "tags": []
    },
    {
      "text": "ಕಳುಹಿಸು",
      "note": "",
      "tags": []
    },
    {
      "text": "ಸಲ್ಲಿಸಿ",
      "note": "ಸಲ್ಲಿಕೆ",
      "tags": []
    },
    {
      "text": "ಹೇಗಿದ್ದೀರಿ",
      "note": "ಶುಭಾಶಯ",
      "tags": []
    },
    {
      "text": "ಪ್ರಾರಂಭಿಸು",
      "note": "",
      "tags": []
    },
    {
      "text": "ಮುಕ್ತಾಯಗೊಳಿಸು",
      "note": "",
      "tags": []
    },
    {
      "text": "ವಿಶ್ರಾಂತಿ ತಗೆದುಕೊ",
      "note": "ವಿಶ್ರಾಂತಿ",
      "tags": []
    },
    {
      "text": "ಕೇಳಿ",
      "note": "ಪ್ರಶ್ನೆ",
      "tags": []
    },
    {
      "text": "ಉತ್ತರಿಸು",
      "note": "",
      "tags": []
    },
    {
      "text": "ಭರವಸೆ ಕೊಡು",
      "note": "",
      "tags": []
    },
    {
      "text": "ಚಿಂತಿಸು",
      "note": "",
      "tags": []
    },
    {
      "text": "ನಂಬು",
      "note": "",
      "tags": []
    },
    {
      "text": "ಸಂದೇಹಿಸು",
      "note": "",
      "tags": []
    },
    {
      "text": "ಬಯಸು / ಆಶಿಸು",
      "note": "ಆಶೆ",
      "tags": []
    },
    {
      "text": "ಕನಸು ಕಾಣು",
      "note": "",
      "tags": []
    },
    {
      "text": "ಜಗಳವಾಡು",
      "note": "",
      "tags": []
    },
    {
      "text": "ಗೆಲ್ಲು",
      "note": "",
      "tags": []
    },
    {
      "text": "ಸೋಲು",
      "note": "ಸೋಲು",
      "tags": []
    },
    {
      "text": "ಬೆಳೆ",
      "note": "ಬೆಳವಣಿಗೆ",
      "tags": []
    },
    {
      "text": "ಬಾಳು / ವಾಸಿಸು",
      "note": "",
      "tags": []
    },
    {
      "text": "ಸಾಯು",
      "note": "",
      "tags": []
    },
    {
      "text": "ಎತ್ತು",
      "note": "",
      "tags": []
    },
    {
      "text": "ಎಸೆದು ಬಿಡು",
      "note": "",
      "tags": []
    },
    {
      "text": "ದಾಚು",
      "note": "",
      "tags": []
    },
    {
      "text": "ಶೋಧಿಸು",
      "note": "",
      "tags": []
    },
    {
      "text": "ಆರಿಸು",
      "note": "",
      "tags": []
    },
    {
      "text": "ಬದಲಿಸು",
      "note": "",
      "tags": []
    },
    {
      "text": "ಆರ್ಡರ್ ಮಾಡಿ",
      "note": "ವಸ್ತುಗಳ ಖರೀದಿ",
      "tags": []
    },
    {
      "text": "ಸಿದ್ಧಮಾಡು",
      "note": "",
      "tags": []
    },
    {
      "text": "ಹಿಡಿ",
      "note": "",
      "tags": []
    },
    {
      "text": "ಎಸೆ",
      "note": "",
      "tags": []
    },
    {
      "text": "ಎಳೆ",
      "note": "",
      "tags": []
    },
    {
      "text": "ತಳ್ಳು",
      "note": "",
      "tags": []
    },
    {
      "text": "ದುರಸ್ತಿ ಮಾಡು",
      "note": "ದುರಸ್ತಿ",
      "tags": []
    },
    {
      "text": "ಮುರಿ",
      "note": "",
      "tags": []
    },
    {
      "text": "ಕಾಯಿಲೆ ಬೀಳು / ನೋಯಿಸು",
      "note": "",
      "tags": []
    },
    {
      "text": "ಚಿಕಿತ್ಸೆ ನೀಡು",
      "note": "",
      "tags": []
    },
    {
      "text": "ವ್ಯಾಯಾಮ ಮಾಡು",
      "note": "",
      "tags": []
    },
    {
      "text": "ಈಜು",
      "note": "",
      "tags": []
    },
    {
      "text": "ಪ್ರಯಾಣ ಮಾಡು",
      "note": "",
      "tags": []
    },
    {
      "text": "ಚಾಲನೆ ಮಾಡು",
      "note": "",
      "tags": []
    },
    {
      "text": "ಶುಚಿಗೊಳಿಸು",
      "note": "",
      "tags": []
    },
    {
      "text": "ಪಾತ್ರೆ ತೊಳೆಯಿರಿ",
      "note": "",
      "tags": []
    },
    {
      "text": "ಬಟ್ಟೆ ಒಗೆಯು",
      "note": "",
      "tags": []
    },
    {
      "text": "ಸ್ನಾನ ಮಾಡು",
      "note": "",
      "tags": []
    },
    {
      "text": "ಹಲ್ಲುಜ್ಜು",
      "note": "",
      "tags": []
    },
    {
      "text": "ಎಚ್ಚರವಾಗು / ಎದ್ದೇಳು",
      "note": "ಎಚ್ಚರ",
      "tags": []
    },
    {
      "text": "ಮಲಗಲು ಹೋಗು",
      "note": "ನಿದ್ದೆ",
      "tags": []
    },
    {
      "text": "ಅర్థಮಾಡಿಕೊಳ್ಳಿ",
      "note": "",
      "tags": []
    },
    {
      "text": "ನೆನಪಿಡಿ",
      "note": "",
      "tags": []
    }
  ]
}