{
  "default_type": "word",
  "subject": "명사 1",
  "pos": "명사",
  "entries": [
    {
      "text": "사람",
      "note": "인간",
      "tags": [
        "사회",
        "생물"
      ]
    },
    {
      "text": "물",
      "note": "H2O",
      "tags": [
        "자연",
        "음료",
        "필수"
      ]
    },
    {
      "text": "밥",
      "note": "쌀로 만든 주식",
      "tags": [
        "식사",
        "음식"
      ]
    },
    {
      "text": "빵",
      "note": "서양식 주식",
      "tags": [
        "음식",
        "베이커리"
      ]
    },
    {
      "text": "사과",
      "note": "과일",
      "tags": [
        "자연",
        "음식",
        "식물"
      ]
    },
    {
      "text": "우유",
      "note": "젖소의 유즙",
      "tags": [
        "음료",
        "음식"
      ]
    },
    {
      "text": "고기",
      "note": "육류",
      "tags": [
        "식재료",
        "음식"
      ]
    },
    {
      "text": "옷",
      "note": "의복",
      "tags": [
        "생활",
        "패션"
      ]
    },
    {
      "text": "집",
      "note": "거주 공간",
      "tags": [
        "생활",
        "장소"
      ]
    },
    {
      "text": "방",
      "note": "실내 공간",
      "tags": [
        "장소",
        "생활"
      ]
    },
    {
      "text": "창문",
      "note": "유리창",
      "tags": [
        "가구",
        "집",
        "사물"
      ]
    },
    {
      "text": "문",
      "note": "출입구",
      "tags": [
        "가구",
        "집",
        "사물"
      ]
    },
    {
      "text": "책상",
      "note": "사무용 탁자",
      "tags": [
        "가구",
        "교육"
      ]
    },
    {
      "text": "의자",
      "note": "앉는 가구",
      "tags": [
        "가구",
        "생활"
      ]
    },
    {
      "text": "컴퓨터",
      "note": "PC/정보기기",
      "tags": [
        "기술",
        "전자"
      ]
    },
    {
      "text": "전화기",
      "note": "통신 기기",
      "tags": [
        "기술",
        "전자"
      ]
    },
    {
      "text": "책",
      "note": "서적/독서물",
      "tags": [
        "교육",
        "문화"
      ]
    },
    {
      "text": "연필",
      "note": "필기구",
      "tags": [
        "교육",
        "문구"
      ]
    },
    {
      "text": "종이",
      "note": "필기용지",
      "tags": [
        "사물",
        "문구"
      ]
    },
    {
      "text": "가방",
      "note": "소지품 가방",
      "tags": [
        "생활",
        "패션"
      ]
    },
    {
      "text": "학교",
      "note": "교육 기관",
      "tags": [
        "교육",
        "장소"
      ]
    },
    {
      "text": "회사",
      "note": "직장/사무실",
      "tags": [
        "업무",
        "장소"
      ]
    },
    {
      "text": "병원",
      "note": "의료 기관",
      "tags": [
        "건강",
        "장소"
      ]
    },
    {
      "text": "약국",
      "note": "의약품 판매처",
      "tags": [
        "건강",
        "장소"
      ]
    },
    {
      "text": "식당",
      "note": "음식점",
      "tags": [
        "음식",
        "장소"
      ]
    },
    {
      "text": "시장",
      "note": "상업 장소",
      "tags": [
        "쇼핑",
        "장소"
      ]
    },
    {
      "text": "지하철",
      "note": "대중교통/전철",
      "tags": [
        "교통",
        "이동"
      ]
    },
    {
      "text": "버스",
      "note": "대중교통",
      "tags": [
        "교통",
        "이동"
      ]
    },
    {
      "text": "택시",
      "note": "영업용 승용차",
      "tags": [
        "교통",
        "이동"
      ]
    },
    {
      "text": "비행기",
      "note": "항공기",
      "tags": [
        "교통",
        "여행"
      ]
    }
  ]
}