{
  "default_type": "sentence",
  "subject": "Greetings 1",
  "entries": [
    {
      "text": "Hello.",
      "note": "Polite greeting",
      "form_type": "",
      "style": "",
      "tags": []
    },
    {
      "text": "Nice to meet you.",
      "note": "First meeting",
      "form_type": "",
      "style": "",
      "tags": []
    },
    {
      "text": "Long time no see.",
      "note": "Reunion",
      "form_type": "",
      "style": "",
      "tags": []
    },
    {
      "text": "Thank you.",
      "note": "Formal",
      "form_type": "",
      "style": "",
      "tags": []
    },
    {
      "text": "I'm sorry.",
      "note": "Formal",
      "form_type": "",
      "style": "",
      "tags": []
    },
    {
      "text": "Excuse me.",
      "note": "Attention",
      "form_type": "",
      "style": "",
      "tags": []
    },
    {
      "text": "How are you?",
      "note": "Greetings",
      "form_type": "",
      "style": "",
      "tags": []
    },
    {
      "text": "I'm fine, thank you.",
      "note": "",
      "form_type": "",
      "style": "",
      "tags": []
    },
    {
      "text": "What is your name?",
      "note": "",
      "form_type": "",
      "style": "",
      "tags": []
    },
    {
      "text": "My name is ...",
      "note": "",
      "form_type": "",
      "style": "",
      "tags": []
    },
    {
      "text": "Where are you from?",
      "note": "",
      "form_type": "",
      "style": "",
      "tags": []
    },
    {
      "text": "I'm from America.",
      "note": "",
      "form_type": "",
      "style": "",
      "tags": []
    },
    {
      "text": "Goodbye.",
      "note": "To someone leaving",
      "form_type": "",
      "style": "",
      "tags": []
    },
    {
      "text": "Goodbye.",
      "note": "To someone staying",
      "form_type": "",
      "style": "",
      "tags": []
    },
    {
      "text": "Yes.",
      "note": "Positive",
      "form_type": "",
      "style": "",
      "tags": []
    },
    {
      "text": "No.",
      "note": "Negative",
      "form_type": "",
      "style": "",
      "tags": []
    },
    {
      "text": "Maybe.",
      "note": "Guess",
      "form_type": "",
      "style": "",
      "tags": []
    },
    {
      "text": "I understand.",
      "note": "",
      "form_type": "",
      "style": "",
      "tags": []
    },
    {
      "text": "I don't know.",
      "note": "",
      "form_type": "",
      "style": "",
      "tags": []
    },
    {
      "text": "Please help me.",
      "note": "",
      "form_type": "",
      "style": "",
      "tags": []
    },
    {
      "text": "Just a moment, please.",
      "note": "",
      "form_type": "",
      "style": "",
      "tags": []
    },
    {
      "text": "How much is this?",
      "note": "Shopping",
      "form_type": "",
      "style": "",
      "tags": []
    },
    {
      "text": "Where is the bathroom?",
      "note": "",
      "form_type": "",
      "style": "",
      "tags": []
    },
    {
      "text": "I'm hungry.",
      "note": "",
      "form_type": "",
      "style": "",
      "tags": []
    },
    {
      "text": "I'm thirsty.",
      "note": "",
      "form_type": "",
      "style": "",
      "tags": []
    },
    {
      "text": "It's delicious.",
      "note": "",
      "form_type": "",
      "style": "",
      "tags": []
    },
    {
      "text": "I like it.",
      "note": "",
      "form_type": "",
      "style": "",
      "tags": []
    },
    {
      "text": "It's okay.",
      "note": "",
      "form_type": "",
      "style": "",
      "tags": []
    },
    {
      "text": "Good luck.",
      "note": "",
      "form_type": "",
      "style": "",
      "tags": []
    },
    {
      "text": "What time is it now?",
      "note": "",
      "form_type": "",
      "style": "",
      "tags": []
    },
    {
      "text": "The weather is good today.",
      "note": "",
      "form_type": "",
      "style": "",
      "tags": []
    },
    {
      "text": "It's cold.",
      "note": "",
      "form_type": "",
      "style": "",
      "tags": []
    },
    {
      "text": "It's hot.",
      "note": "",
      "form_type": "",
      "style": "",
      "tags": []
    },
    {
      "text": "I'm tired.",
      "note": "",
      "form_type": "",
      "style": "",
      "tags": []
    },
    {
      "text": "I'm happy.",
      "note": "",
      "form_type": "",
      "style": "",
      "tags": []
    },
    {
      "text": "Congratulations.",
      "note": "",
      "form_type": "",
      "style": "",
      "tags": []
    },
    {
      "text": "Happy birthday.",
      "note": "",
      "form_type": "",
      "style": "",
      "tags": []
    },
    {
      "text": "Have a nice day.",
      "note": "",
      "form_type": "",
      "style": "",
      "tags": []
    },
    {
      "text": "See you tomorrow.",
      "note": "",
      "form_type": "",
      "style": "",
      "tags": []
    },
    {
      "text": "Take care.",
      "note": "",
      "form_type": "",
      "style": "",
      "tags": []
    },
    {
      "text": "Can you speak English?",
      "note": "",
      "form_type": "",
      "style": "",
      "tags": []
    },
    {
      "text": "I can only speak a little Korean.",
      "note": "",
      "form_type": "",
      "style": "",
      "tags": []
    },
    {
      "text": "Please speak slowly.",
      "note": "",
      "form_type": "",
      "style": "",
      "tags": []
    },
    {
      "text": "What does this mean?",
      "note": "",
      "form_type": "",
      "style": "",
      "tags": []
    },
    {
      "text": "How do you say it in Korean?",
      "note": "",
      "form_type": "",
      "style": "",
      "tags": []
    },
    {
      "text": "I love you.",
      "note": "",
      "form_type": "",
      "style": "",
      "tags": []
    },
    {
      "text": "Please wait.",
      "note": "",
      "form_type": "",
      "style": "",
      "tags": []
    },
    {
      "text": "You're welcome.",
      "note": "",
      "form_type": "",
      "style": "",
      "tags": []
    },
    {
      "text": "No, it's okay.",
      "note": "",
      "form_type": "",
      "style": "",
      "tags": []
    },
    {
      "text": "I have a question.",
      "note": "",
      "form_type": "",
      "style": "",
      "tags": []
    }
  ]
}