{
  "default_type": "word",
  "subject": "50 Izibizo Ezisisekelo",
  "pos": "noun",
  "entries": [
    {
      "text": "mna",
      "note": "",
      "tags": []
    },
    {
      "text": "wena",
      "note": "",
      "tags": []
    },
    {
      "text": "oku",
      "note": "",
      "tags": []
    },
    {
      "text": "okuya",
      "note": "",
      "tags": []
    },
    {
      "text": "ngubani",
      "note": "",
      "tags": []
    },
    {
      "text": "ntoni",
      "note": "",
      "tags": []
    },
    {
      "text": "phi",
      "note": "",
      "tags": []
    },
    {
      "text": "nini",
      "note": "",
      "tags": []
    },
    {
      "text": "ngantoni",
      "note": "",
      "tags": []
    },
    {
      "text": "njani",
      "note": "",
      "tags": []
    },
    {
      "text": "umntu",
      "note": "",
      "tags": []
    },
    {
      "text": "umhlobo",
      "note": "",
      "tags": []
    },
    {
      "text": "usapho",
      "note": "",
      "tags": []
    },
    {
      "text": "igama",
      "note": "",
      "tags": []
    },
    {
      "text": "indlu",
      "note": "",
      "tags": []
    },
    {
      "text": "isikolo",
      "note": "",
      "tags": []
    },
    {
      "text": "inkampani",
      "note": "",
      "tags": []
    },
    {
      "text": "isibhedlele",
      "note": "",
      "tags": []
    },
    {
      "text": "imakethi",
      "note": "",
      "tags": []
    },
    {
      "text": "indawo yokutyela",
      "note": "",
      "tags": []
    },
    {
      "text": "ikhefi",
      "note": "",
      "tags": []
    },
    {
      "text": "indlu yangasese",
      "note": "",
      "tags": []
    },
    {
      "text": "incwadi",
      "note": "",
      "tags": []
    },
    {
      "text": "amanzi",
      "note": "",
      "tags": []
    },
    {
      "text": "ukutya",
      "note": "",
      "tags": []
    },
    {
      "text": "imali",
      "note": "",
      "tags": []
    },
    {
      "text": "izambatho",
      "note": "",
      "tags": []
    },
    {
      "text": "izihlangu",
      "note": "",
      "tags": []
    },
    {
      "text": "ingxowa",
      "note": "",
      "tags": []
    },
    {
      "text": "iwashi",
      "note": "",
      "tags": []
    },
    {
      "text": "ifowuni",
      "note": "",
      "tags": []
    },
    {
      "text": "ikhompuyutha",
      "note": "",
      "tags": []
    },
    {
      "text": "imoto",
      "note": "",
      "tags": []
    },
    {
      "text": "inyanga",
      "note": "inyanga",
      "tags": []
    },
    {
      "text": "inkwenkwezi",
      "note": "inkwenkwezi",
      "tags": []
    },
    {
      "text": "ilanga",
      "note": "",
      "tags": []
    },
    {
      "text": "isibhakabhaka",
      "note": "",
      "tags": []
    },
    {
      "text": "ulwandle",
      "note": "",
      "tags": []
    },
    {
      "text": "intaba",
      "note": "",
      "tags": []
    },
    {
      "text": "intyatyambo",
      "note": "",
      "tags": []
    },
    {
      "text": "umthi",
      "note": "",
      "tags": []
    },
    {
      "text": "inja",
      "note": "",
      "tags": []
    },
    {
      "text": "ikati",
      "note": "",
      "tags": []
    },
    {
      "text": "namhlanje",
      "note": "",
      "tags": []
    },
    {
      "text": "ngomso",
      "note": "",
      "tags": []
    },
    {
      "text": "izolo",
      "note": "",
      "tags": []
    },
    {
      "text": "ngoku",
      "note": "",
      "tags": []
    },
    {
      "text": "ixesha",
      "note": "",
      "tags": []
    },
    {
      "text": "emini / imini",
      "note": "",
      "tags": []
    },
    {
      "text": "ebusuku",
      "note": "",
      "tags": []
    }
  ]
}