{
  "default_type": "word",
  "subject": "50 Basiese Selfstandige Naamwoorde",
  "pos": "noun",
  "entries": [
    {
      "text": "ek",
      "note": "",
      "tags": []
    },
    {
      "text": "jy / u",
      "note": "",
      "tags": []
    },
    {
      "text": "hierdie",
      "note": "",
      "tags": []
    },
    {
      "text": "daardie",
      "note": "",
      "tags": []
    },
    {
      "text": "wie",
      "note": "",
      "tags": []
    },
    {
      "text": "wat",
      "note": "",
      "tags": []
    },
    {
      "text": "waar",
      "note": "",
      "tags": []
    },
    {
      "text": "wanneer",
      "note": "",
      "tags": []
    },
    {
      "text": "waarom",
      "note": "",
      "tags": []
    },
    {
      "text": "hoe",
      "note": "",
      "tags": []
    },
    {
      "text": "persoon",
      "note": "",
      "tags": []
    },
    {
      "text": "vriend",
      "note": "",
      "tags": []
    },
    {
      "text": "familie",
      "note": "",
      "tags": []
    },
    {
      "text": "naam",
      "note": "",
      "tags": []
    },
    {
      "text": "huis",
      "note": "",
      "tags": []
    },
    {
      "text": "skool",
      "note": "",
      "tags": []
    },
    {
      "text": "maatskappy",
      "note": "",
      "tags": []
    },
    {
      "text": "hospitaal",
      "note": "",
      "tags": []
    },
    {
      "text": "mark",
      "note": "",
      "tags": []
    },
    {
      "text": "restaurant",
      "note": "",
      "tags": []
    },
    {
      "text": "kafee",
      "note": "",
      "tags": []
    },
    {
      "text": "toilet",
      "note": "",
      "tags": []
    },
    {
      "text": "boek",
      "note": "",
      "tags": []
    },
    {
      "text": "water",
      "note": "",
      "tags": []
    },
    {
      "text": "kos",
      "note": "",
      "tags": []
    },
    {
      "text": "geld",
      "note": "",
      "tags": []
    },
    {
      "text": "klere",
      "note": "",
      "tags": []
    },
    {
      "text": "skoene",
      "note": "",
      "tags": []
    },
    {
      "text": "sak",
      "note": "",
      "tags": []
    },
    {
      "text": "horlosie",
      "note": "",
      "tags": []
    },
    {
      "text": "telefoon",
      "note": "",
      "tags": []
    },
    {
      "text": "rekenaar",
      "note": "",
      "tags": []
    },
    {
      "text": "motor",
      "note": "",
      "tags": []
    },
    {
      "text": "maan",
      "note": "hemelliggaam",
      "tags": []
    },
    {
      "text": "ster",
      "note": "ruimte",
      "tags": []
    },
    {
      "text": "son",
      "note": "",
      "tags": []
    },
    {
      "text": "lug",
      "note": "",
      "tags": []
    },
    {
      "text": "see",
      "note": "",
      "tags": []
    },
    {
      "text": "berg",
      "note": "",
      "tags": []
    },
    {
      "text": "blom",
      "note": "",
      "tags": []
    },
    {
      "text": "boom",
      "note": "",
      "tags": []
    },
    {
      "text": "hond",
      "note": "",
      "tags": []
    },
    {
      "text": "kat",
      "note": "",
      "tags": []
    },
    {
      "text": "vandag",
      "note": "",
      "tags": []
    },
    {
      "text": "môre",
      "note": "",
      "tags": []
    },
    {
      "text": "gister",
      "note": "",
      "tags": []
    },
    {
      "text": "nou",
      "note": "",
      "tags": []
    },
    {
      "text": "tyd",
      "note": "",
      "tags": []
    },
    {
      "text": "dag",
      "note": "",
      "tags": []
    },
    {
      "text": "nag",
      "note": "",
      "tags": []
    }
  ]
}