{
  "default_type": "word",
  "subject": "คำนามพื้นฐาน 50 คำ",
  "pos": "noun",
  "entries": [
    {
      "text": "ฉัน / ผม",
      "note": "",
      "tags": []
    },
    {
      "text": "คุณ",
      "note": "",
      "tags": []
    },
    {
      "text": "นี่",
      "note": "",
      "tags": []
    },
    {
      "text": "นั่น",
      "note": "",
      "tags": []
    },
    {
      "text": "ใคร",
      "note": "",
      "tags": []
    },
    {
      "text": "อะไร",
      "note": "",
      "tags": []
    },
    {
      "text": "ที่ไหน",
      "note": "",
      "tags": []
    },
    {
      "text": "เมื่อไหร่",
      "note": "",
      "tags": []
    },
    {
      "text": "ทำไม",
      "note": "",
      "tags": []
    },
    {
      "text": "อย่างไร",
      "note": "",
      "tags": []
    },
    {
      "text": "คน",
      "note": "",
      "tags": []
    },
    {
      "text": "เพื่อน",
      "note": "",
      "tags": []
    },
    {
      "text": "ครอบครัว",
      "note": "",
      "tags": []
    },
    {
      "text": "ชื่อ",
      "note": "",
      "tags": []
    },
    {
      "text": "บ้าน",
      "note": "",
      "tags": []
    },
    {
      "text": "โรงเรียน",
      "note": "",
      "tags": []
    },
    {
      "text": "บริษัท",
      "note": "",
      "tags": []
    },
    {
      "text": "โรงพยาบาล",
      "note": "",
      "tags": []
    },
    {
      "text": "ตลาด",
      "note": "",
      "tags": []
    },
    {
      "text": "ร้านอาหาร",
      "note": "",
      "tags": []
    },
    {
      "text": "ร้านกาแฟ",
      "note": "",
      "tags": []
    },
    {
      "text": "ห้องน้ำ",
      "note": "",
      "tags": []
    },
    {
      "text": "หนังสือ",
      "note": "",
      "tags": []
    },
    {
      "text": "น้ำ",
      "note": "",
      "tags": []
    },
    {
      "text": "อาหาร",
      "note": "",
      "tags": []
    },
    {
      "text": "เงิน",
      "note": "",
      "tags": []
    },
    {
      "text": "เสื้อผ้า",
      "note": "",
      "tags": []
    },
    {
      "text": "รองเท้า",
      "note": "",
      "tags": []
    },
    {
      "text": "กระเป๋า",
      "note": "",
      "tags": []
    },
    {
      "text": "นาฬิกา",
      "note": "",
      "tags": []
    },
    {
      "text": "โทรศัพท์",
      "note": "",
      "tags": []
    },
    {
      "text": "คอมพิวเตอร์",
      "note": "",
      "tags": []
    },
    {
      "text": "รถยนต์",
      "note": "",
      "tags": []
    },
    {
      "text": "ดวงจันทร์",
      "note": "พระจันทร์",
      "tags": []
    },
    {
      "text": "ดาว",
      "note": "อวกาศ",
      "tags": []
    },
    {
      "text": "ดวงอาทิตย์",
      "note": "",
      "tags": []
    },
    {
      "text": "ท้องฟ้า",
      "note": "",
      "tags": []
    },
    {
      "text": "ทะเล",
      "note": "",
      "tags": []
    },
    {
      "text": "ภูเขา",
      "note": "",
      "tags": []
    },
    {
      "text": "ดอกไม้",
      "note": "",
      "tags": []
    },
    {
      "text": "ต้นไม้",
      "note": "",
      "tags": []
    },
    {
      "text": "สุนัข",
      "note": "",
      "tags": []
    },
    {
      "text": "แมว",
      "note": "",
      "tags": []
    },
    {
      "text": "วันนี้",
      "note": "",
      "tags": []
    },
    {
      "text": "พรุ่งนี้",
      "note": "",
      "tags": []
    },
    {
      "text": "เมื่อวาน",
      "note": "",
      "tags": []
    },
    {
      "text": "ตอนนี้",
      "note": "",
      "tags": []
    },
    {
      "text": "เวลา",
      "note": "",
      "tags": []
    },
    {
      "text": "กลางวัน / วัน",
      "note": "",
      "tags": []
    },
    {
      "text": "กลางคืน",
      "note": "",
      "tags": []
    }
  ]
}