{
  "default_type": "word",
  "subject": "คำกริยาพื้นฐาน 100 คำ",
  "pos": "verb",
  "entries": [
    {
      "text": "ไป",
      "note": "",
      "tags": []
    },
    {
      "text": "มา",
      "note": "",
      "tags": []
    },
    {
      "text": "กิน",
      "note": "",
      "tags": []
    },
    {
      "text": "ดื่ม",
      "note": "",
      "tags": []
    },
    {
      "text": "นอน",
      "note": "",
      "tags": []
    },
    {
      "text": "ดู",
      "note": "",
      "tags": []
    },
    {
      "text": "ซื้อ",
      "note": "",
      "tags": []
    },
    {
      "text": "ขาย",
      "note": "",
      "tags": []
    },
    {
      "text": "อ่าน",
      "note": "",
      "tags": []
    },
    {
      "text": "เขียน",
      "note": "การเขียน",
      "tags": []
    },
    {
      "text": "ฟัง",
      "note": "",
      "tags": []
    },
    {
      "text": "พูด",
      "note": "",
      "tags": []
    },
    {
      "text": "ทำ",
      "note": "",
      "tags": []
    },
    {
      "text": "ทำงาน",
      "note": "",
      "tags": []
    },
    {
      "text": "เรียน",
      "note": "",
      "tags": []
    },
    {
      "text": "สอน",
      "note": "",
      "tags": []
    },
    {
      "text": "เรียนรู้",
      "note": "",
      "tags": []
    },
    {
      "text": "รอ",
      "note": "",
      "tags": []
    },
    {
      "text": "พบ",
      "note": "",
      "tags": []
    },
    {
      "text": "รัก",
      "note": "",
      "tags": []
    },
    {
      "text": "ชอบ",
      "note": "",
      "tags": []
    },
    {
      "text": "เกลียด",
      "note": "",
      "tags": []
    },
    {
      "text": "หัวเราะ",
      "note": "",
      "tags": []
    },
    {
      "text": "ร้องไห้",
      "note": "",
      "tags": []
    },
    {
      "text": "เดิน",
      "note": "",
      "tags": []
    },
    {
      "text": "วิ่ง",
      "note": "การวิ่ง",
      "tags": []
    },
    {
      "text": "นั่ง",
      "note": "",
      "tags": []
    },
    {
      "text": "ยืน",
      "note": "",
      "tags": []
    },
    {
      "text": "ให้",
      "note": "",
      "tags": []
    },
    {
      "text": "รับ",
      "note": "",
      "tags": []
    },
    {
      "text": "เปิด",
      "note": "",
      "tags": []
    },
    {
      "text": "ปิด",
      "note": "",
      "tags": []
    },
    {
      "text": "คิด",
      "note": "",
      "tags": []
    },
    {
      "text": "รู้",
      "note": "",
      "tags": []
    },
    {
      "text": "ไม่รู้",
      "note": "",
      "tags": []
    },
    {
      "text": "หา / พบ",
      "note": "",
      "tags": []
    },
    {
      "text": "หาย",
      "note": "",
      "tags": []
    },
    {
      "text": "ช่วย",
      "note": "",
      "tags": []
    },
    {
      "text": "ล้าง",
      "note": "",
      "tags": []
    },
    {
      "text": "ทำอาหาร",
      "note": "",
      "tags": []
    },
    {
      "text": "ร้องเพลง",
      "note": "",
      "tags": []
    },
    {
      "text": "เต้น",
      "note": "",
      "tags": []
    },
    {
      "text": "ใช้",
      "note": "",
      "tags": []
    },
    {
      "text": "ทำ / สร้าง",
      "note": "",
      "tags": []
    },
    {
      "text": "เรียก / ร้อง",
      "note": "เพลง / ชื่อ",
      "tags": []
    },
    {
      "text": "ถือ / จับ",
      "note": "",
      "tags": []
    },
    {
      "text": "วาง / ปล่อย",
      "note": "",
      "tags": []
    },
    {
      "text": "เข้า",
      "note": "",
      "tags": []
    },
    {
      "text": "ออก",
      "note": "",
      "tags": []
    },
    {
      "text": "ขึ้น",
      "note": "ยานพาหนะ",
      "tags": []
    },
    {
      "text": "ลง",
      "note": "ยานพาหนะ",
      "tags": []
    },
    {
      "text": "ส่ง",
      "note": "",
      "tags": []
    },
    {
      "text": "ยื่น / จ่าย",
      "note": "การยื่น",
      "tags": []
    },
    {
      "text": "สบายดี",
      "note": "การทักทาย",
      "tags": []
    },
    {
      "text": "เริ่ม",
      "note": "",
      "tags": []
    },
    {
      "text": "จบ",
      "note": "",
      "tags": []
    },
    {
      "text": "พักผ่อน",
      "note": "การพัก",
      "tags": []
    },
    {
      "text": "ถาม",
      "note": "คำถาม",
      "tags": []
    },
    {
      "text": "ตอบ",
      "note": "",
      "tags": []
    },
    {
      "text": "สัญญา",
      "note": "",
      "tags": []
    },
    {
      "text": "กังวล",
      "note": "",
      "tags": []
    },
    {
      "text": "เชื่อ",
      "note": "",
      "tags": []
    },
    {
      "text": "สงสัย",
      "note": "",
      "tags": []
    },
    {
      "text": "หวัง",
      "note": "ความหวัง",
      "tags": []
    },
    {
      "text": "ฝัน",
      "note": "",
      "tags": []
    },
    {
      "text": "ทะเลาะ",
      "note": "",
      "tags": []
    },
    {
      "text": "ชนะ",
      "note": "",
      "tags": []
    },
    {
      "text": "แพ้",
      "note": "ความพ่ายแพ้",
      "tags": []
    },
    {
      "text": "เติบโต",
      "note": "การเติบโต",
      "tags": []
    },
    {
      "text": "อยู่ / อาศัย",
      "note": "",
      "tags": []
    },
    {
      "text": "ตาย",
      "note": "",
      "tags": []
    },
    {
      "text": "หยิบ",
      "note": "",
      "tags": []
    },
    {
      "text": "ทิ้ง",
      "note": "",
      "tags": []
    },
    {
      "text": "ซ่อน",
      "note": "",
      "tags": []
    },
    {
      "text": "ค้นหา",
      "note": "",
      "tags": []
    },
    {
      "text": "เลือก",
      "note": "",
      "tags": []
    },
    {
      "text": "เปลี่ยน",
      "note": "",
      "tags": []
    },
    {
      "text": "สั่ง",
      "note": "การสั่งซื้อสินค้า",
      "tags": []
    },
    {
      "text": "เตรียม",
      "note": "",
      "tags": []
    },
    {
      "text": "จับ",
      "note": "",
      "tags": []
    },
    {
      "text": "ขว้าง",
      "note": "",
      "tags": []
    },
    {
      "text": "ดึง",
      "note": "",
      "tags": []
    },
    {
      "text": "ผลัก",
      "note": "",
      "tags": []
    },
    {
      "text": "ซ่อม",
      "note": "การซ่อมแซม",
      "tags": []
    },
    {
      "text": "แตก / เสีย",
      "note": "",
      "tags": []
    },
    {
      "text": "ป่วย / เจ็บ",
      "note": "",
      "tags": []
    },
    {
      "text": "รักษา",
      "note": "",
      "tags": []
    },
    {
      "text": "ออกกำลังกาย",
      "note": "",
      "tags": []
    },
    {
      "text": "ว่ายน้ำ",
      "note": "",
      "tags": []
    },
    {
      "text": "ท่องเที่ยว",
      "note": "",
      "tags": []
    },
    {
      "text": "ขับรถ",
      "note": "",
      "tags": []
    },
    {
      "text": "ทำความสะอาด",
      "note": "",
      "tags": []
    },
    {
      "text": "ล้างจาน",
      "note": "",
      "tags": []
    },
    {
      "text": "ซักผ้า",
      "note": "",
      "tags": []
    },
    {
      "text": "อาบน้ำ",
      "note": "",
      "tags": []
    },
    {
      "text": "แปรงฟัน",
      "note": "",
      "tags": []
    },
    {
      "text": "ตื่นนอน",
      "note": "การตื่น",
      "tags": []
    },
    {
      "text": "ไปนอน",
      "note": "การนอน",
      "tags": []
    },
    {
      "text": "เข้าใจ",
      "note": "",
      "tags": []
    },
    {
      "text": "จำ",
      "note": "",
      "tags": []
    }
  ]
}