{
  "default_type": "word",
  "subject": "100 פעלים בסיסיים",
  "pos": "verb",
  "entries": [
    {
      "text": "ללכת",
      "note": "",
      "tags": []
    },
    {
      "text": "לבוא",
      "note": "",
      "tags": []
    },
    {
      "text": "לאכול",
      "note": "",
      "tags": []
    },
    {
      "text": "לשתות",
      "note": "",
      "tags": []
    },
    {
      "text": "לישון",
      "note": "",
      "tags": []
    },
    {
      "text": "לראות",
      "note": "",
      "tags": []
    },
    {
      "text": "לקנות",
      "note": "",
      "tags": []
    },
    {
      "text": "למכור",
      "note": "",
      "tags": []
    },
    {
      "text": "לקרוא",
      "note": "",
      "tags": []
    },
    {
      "text": "לכתוב",
      "note": "כתיבה",
      "tags": []
    },
    {
      "text": "לשמוע",
      "note": "",
      "tags": []
    },
    {
      "text": "לדבר",
      "note": "",
      "tags": []
    },
    {
      "text": "לעשות",
      "note": "",
      "tags": []
    },
    {
      "text": "לעבוד",
      "note": "",
      "tags": []
    },
    {
      "text": "ללמוד",
      "note": "",
      "tags": []
    },
    {
      "text": "ללמד",
      "note": "",
      "tags": []
    },
    {
      "text": "ללמוד (Study)",
      "note": "",
      "tags": []
    },
    {
      "text": "לחכות",
      "note": "",
      "tags": []
    },
    {
      "text": "לפגוש",
      "note": "",
      "tags": []
    },
    {
      "text": "לאהוב",
      "note": "",
      "tags": []
    },
    {
      "text": "לחבב / לאהוב",
      "note": "",
      "tags": []
    },
    {
      "text": "לשנוא",
      "note": "",
      "tags": []
    },
    {
      "text": "לצחוק",
      "note": "",
      "tags": []
    },
    {
      "text": "לבכות",
      "note": "",
      "tags": []
    },
    {
      "text": "ללכת ברגל",
      "note": "",
      "tags": []
    },
    {
      "text": "לרוץ",
      "note": "ריצה",
      "tags": []
    },
    {
      "text": "לשבת",
      "note": "",
      "tags": []
    },
    {
      "text": "לעמוד",
      "note": "",
      "tags": []
    },
    {
      "text": "לתת",
      "note": "",
      "tags": []
    },
    {
      "text": "לקבל",
      "note": "",
      "tags": []
    },
    {
      "text": "לפתוח",
      "note": "",
      "tags": []
    },
    {
      "text": "לסגור",
      "note": "",
      "tags": []
    },
    {
      "text": "לחשוב",
      "note": "",
      "tags": []
    },
    {
      "text": "לדעת",
      "note": "",
      "tags": []
    },
    {
      "text": "לא לדעת",
      "note": "",
      "tags": []
    },
    {
      "text": "לחפש / למצוא",
      "note": "",
      "tags": []
    },
    {
      "text": "לאבד",
      "note": "",
      "tags": []
    },
    {
      "text": "לעזור",
      "note": "",
      "tags": []
    },
    {
      "text": "לשטוף",
      "note": "",
      "tags": []
    },
    {
      "text": "לבשל",
      "note": "",
      "tags": []
    },
    {
      "text": "לשיר",
      "note": "",
      "tags": []
    },
    {
      "text": "לרקוד",
      "note": "",
      "tags": []
    },
    {
      "text": "להשתמש",
      "note": "",
      "tags": []
    },
    {
      "text": "להכין / ליצור",
      "note": "",
      "tags": []
    },
    {
      "text": "לקרוא / לשיר",
      "note": "שיר / שם",
      "tags": []
    },
    {
      "text": "להחזיק",
      "note": "",
      "tags": []
    },
    {
      "text": "להניח / לעזוב",
      "note": "",
      "tags": []
    },
    {
      "text": "להיכנס",
      "note": "",
      "tags": []
    },
    {
      "text": "לצאת",
      "note": "",
      "tags": []
    },
    {
      "text": "לעלות",
      "note": "כלי רכב",
      "tags": []
    },
    {
      "text": "לרדת",
      "note": "כלי רכב",
      "tags": []
    },
    {
      "text": "לשלוח",
      "note": "",
      "tags": []
    },
    {
      "text": "להגיש (Submission)",
      "note": "הגשה",
      "tags": []
    },
    {
      "text": "להרגיש / לחיות",
      "note": "ברכת שלום",
      "tags": []
    },
    {
      "text": "להתחיל",
      "note": "",
      "tags": []
    },
    {
      "text": "לסיים",
      "note": "",
      "tags": []
    },
    {
      "text": "לנוח",
      "note": "מנוחה",
      "tags": []
    },
    {
      "text": "לשאול",
      "note": "שאלה",
      "tags": []
    },
    {
      "text": "לענות",
      "note": "",
      "tags": []
    },
    {
      "text": "להבטיח",
      "note": "",
      "tags": []
    },
    {
      "text": "לדאוג",
      "note": "",
      "tags": []
    },
    {
      "text": "להאמין",
      "note": "",
      "tags": []
    },
    {
      "text": "לחשוד",
      "note": "",
      "tags": []
    },
    {
      "text": "לקוות",
      "note": "תקווה",
      "tags": []
    },
    {
      "text": "לחלום",
      "note": "",
      "tags": []
    },
    {
      "text": "לריב",
      "note": "",
      "tags": []
    },
    {
      "text": "לנצח",
      "note": "",
      "tags": []
    },
    {
      "text": "להפסיד",
      "note": "תבוסה",
      "tags": []
    },
    {
      "text": "לגדול",
      "note": "צמיחה",
      "tags": []
    },
    {
      "text": "לחיות",
      "note": "",
      "tags": []
    },
    {
      "text": "למות",
      "note": "",
      "tags": []
    },
    {
      "text": "לקחת",
      "note": "",
      "tags": []
    },
    {
      "text": "לזרוק",
      "note": "",
      "tags": []
    },
    {
      "text": "להתחבא",
      "note": "",
      "tags": []
    },
    {
      "text": "לחפש",
      "note": "",
      "tags": []
    },
    {
      "text": "לבחור",
      "note": "",
      "tags": []
    },
    {
      "text": "לשנות",
      "note": "",
      "tags": []
    },
    {
      "text": "להזמין (Order)",
      "note": "רכישת סחורה",
      "tags": []
    },
    {
      "text": "להתכונן",
      "note": "",
      "tags": []
    },
    {
      "text": "לתפוס",
      "note": "",
      "tags": []
    },
    {
      "text": "לזרוק (Throw)",
      "note": "",
      "tags": []
    },
    {
      "text": "למשוך",
      "note": "",
      "tags": []
    },
    {
      "text": "לדחוף",
      "note": "",
      "tags": []
    },
    {
      "text": "לתקן",
      "note": "תיקון",
      "tags": []
    },
    {
      "text": "להישבר",
      "note": "",
      "tags": []
    },
    {
      "text": "לכאוב / להיות חולה",
      "note": "",
      "tags": []
    },
    {
      "text": "לרפא",
      "note": "",
      "tags": []
    },
    {
      "text": "להתעמל",
      "note": "",
      "tags": []
    },
    {
      "text": "לשחות",
      "note": "",
      "tags": []
    },
    {
      "text": "לטייל",
      "note": "",
      "tags": []
    },
    {
      "text": "לנהוג",
      "note": "",
      "tags": []
    },
    {
      "text": "לנקות",
      "note": "",
      "tags": []
    },
    {
      "text": "לשטוף כלים",
      "note": "",
      "tags": []
    },
    {
      "text": "לכבס",
      "note": "",
      "tags": []
    },
    {
      "text": "להתרחץ",
      "note": "",
      "tags": []
    },
    {
      "text": "לצחצח שיניים",
      "note": "",
      "tags": []
    },
    {
      "text": "להתעורר",
      "note": "יקיצה",
      "tags": []
    },
    {
      "text": "ללכת לישון",
      "note": "שינה",
      "tags": []
    },
    {
      "text": "להבין",
      "note": "",
      "tags": []
    },
    {
      "text": "לזכור",
      "note": "",
      "tags": []
    }
  ]
}