{
  "default_type": "word",
  "subject": "50 بنیادی اسم",
  "pos": "noun",
  "entries": [
    {
      "text": "میں",
      "note": "",
      "tags": []
    },
    {
      "text": "آپ / تم",
      "note": "",
      "tags": []
    },
    {
      "text": "یہ",
      "note": "",
      "tags": []
    },
    {
      "text": "وہ",
      "note": "",
      "tags": []
    },
    {
      "text": "کون",
      "note": "",
      "tags": []
    },
    {
      "text": "کیا",
      "note": "",
      "tags": []
    },
    {
      "text": "کہاں",
      "note": "",
      "tags": []
    },
    {
      "text": "کب",
      "note": "",
      "tags": []
    },
    {
      "text": "کیوں",
      "note": "",
      "tags": []
    },
    {
      "text": "کیسے",
      "note": "",
      "tags": []
    },
    {
      "text": "شخص",
      "note": "",
      "tags": []
    },
    {
      "text": "دوست",
      "note": "",
      "tags": []
    },
    {
      "text": "خاندان",
      "note": "",
      "tags": []
    },
    {
      "text": "نام",
      "note": "",
      "tags": []
    },
    {
      "text": "گھر",
      "note": "",
      "tags": []
    },
    {
      "text": "اسکول",
      "note": "",
      "tags": []
    },
    {
      "text": "کمپنی",
      "note": "",
      "tags": []
    },
    {
      "text": "ہسپتال",
      "note": "",
      "tags": []
    },
    {
      "text": "بازار",
      "note": "",
      "tags": []
    },
    {
      "text": "ریستوراں",
      "note": "",
      "tags": []
    },
    {
      "text": "کیفے",
      "note": "",
      "tags": []
    },
    {
      "text": "باتھ روم",
      "note": "",
      "tags": []
    },
    {
      "text": "کتاب",
      "note": "",
      "tags": []
    },
    {
      "text": "پانی",
      "note": "",
      "tags": []
    },
    {
      "text": "کھانا",
      "note": "",
      "tags": []
    },
    {
      "text": "پیسے",
      "note": "",
      "tags": []
    },
    {
      "text": "کپڑے",
      "note": "",
      "tags": []
    },
    {
      "text": "جوتے",
      "note": "",
      "tags": []
    },
    {
      "text": "بیگ",
      "note": "",
      "tags": []
    },
    {
      "text": "گھڑی",
      "note": "",
      "tags": []
    },
    {
      "text": "فون",
      "note": "",
      "tags": []
    },
    {
      "text": "کمپیوٹر",
      "note": "",
      "tags": []
    },
    {
      "text": "گاڑی",
      "note": "",
      "tags": []
    },
    {
      "text": "چاند",
      "note": "آسمانی جسم",
      "tags": []
    },
    {
      "text": "ستارہ",
      "note": "خلا",
      "tags": []
    },
    {
      "text": "سورج",
      "note": "",
      "tags": []
    },
    {
      "text": "آسمان",
      "note": "",
      "tags": []
    },
    {
      "text": "سمندر",
      "note": "",
      "tags": []
    },
    {
      "text": "پہاڑ",
      "note": "",
      "tags": []
    },
    {
      "text": "پھول",
      "note": "",
      "tags": []
    },
    {
      "text": "درخت",
      "note": "",
      "tags": []
    },
    {
      "text": "کتا",
      "note": "",
      "tags": []
    },
    {
      "text": "بلی",
      "note": "",
      "tags": []
    },
    {
      "text": "آج",
      "note": "",
      "tags": []
    },
    {
      "text": "کل (آنے والا)",
      "note": "",
      "tags": []
    },
    {
      "text": "کل (گزرا ہوا)",
      "note": "",
      "tags": []
    },
    {
      "text": "اب",
      "note": "",
      "tags": []
    },
    {
      "text": "وقت",
      "note": "",
      "tags": []
    },
    {
      "text": "دن",
      "note": "",
      "tags": []
    },
    {
      "text": "رات",
      "note": "",
      "tags": []
    }
  ]
}