{
  "default_type": "sentence",
  "subject": "ప్రాథమిక వ్యక్తీకరణలు మరియు రోజువారీ వాక్యాలు 50",
  "entries": [
    {
      "text": "నమస్కారం.",
      "note": "మర్యాదపూర్వక పలకరింపు",
      "form_type": "",
      "style": "",
      "tags": []
    },
    {
      "text": "మిమ్మల్ని కలిసినందుకు సంతోషం.",
      "note": "మొదటి పరిచయం",
      "form_type": "",
      "style": "",
      "tags": []
    },
    {
      "text": "మిమ్మల్ని చూసి చాలా రోజులైంది.",
      "note": "మళ్ళీ కలవడం",
      "form_type": "",
      "style": "",
      "tags": []
    },
    {
      "text": "చాలా ధన్యవాదాలు.",
      "note": "మర్యాదపూర్వక",
      "form_type": "",
      "style": "",
      "tags": []
    },
    {
      "text": "నన్ను క్షమించండి.",
      "note": "మర్యాదపూర్వక",
      "form_type": "",
      "style": "",
      "tags": []
    },
    {
      "text": "క్షమించండి.",
      "note": "శ్రద్ధ కోరడం",
      "form_type": "",
      "style": "",
      "tags": []
    },
    {
      "text": "ఎలా ఉన్నారు?",
      "note": "క్షేమ సమాచారం",
      "form_type": "",
      "style": "",
      "tags": []
    },
    {
      "text": "బాగున్నాను, ధన్యవాదాలు.",
      "note": "",
      "form_type": "",
      "style": "",
      "tags": []
    },
    {
      "text": "మీ పేరు ఏమిటి?",
      "note": "",
      "form_type": "",
      "style": "",
      "tags": []
    },
    {
      "text": "నా పేరు ...",
      "note": "",
      "form_type": "",
      "style": "",
      "tags": []
    },
    {
      "text": "మీరు ఎక్కడ నుండి వచ్చారు?",
      "note": "",
      "form_type": "",
      "style": "",
      "tags": []
    },
    {
      "text": "నేను అమెరికా నుండి వచ్చాను.",
      "note": "",
      "form_type": "",
      "style": "",
      "tags": []
    },
    {
      "text": "వెళ్లివస్తాను.",
      "note": "వెళ్లేవారికి",
      "form_type": "",
      "style": "",
      "tags": []
    },
    {
      "text": "జాగ్రత్తగా ఉండండి / వెళ్లిరండి.",
      "note": "ఉండేవారికి",
      "form_type": "",
      "style": "",
      "tags": []
    },
    {
      "text": "అవును.",
      "note": "అంగీకారం",
      "form_type": "",
      "style": "",
      "tags": []
    },
    {
      "text": "కాదు.",
      "note": "నిరాకరణ",
      "form_type": "",
      "style": "",
      "tags": []
    },
    {
      "text": "బహుశా.",
      "note": "అంచనా",
      "form_type": "",
      "style": "",
      "tags": []
    },
    {
      "text": "నాకు అర్థమైంది.",
      "note": "",
      "form_type": "",
      "style": "",
      "tags": []
    },
    {
      "text": "నాకు తెలియదు.",
      "note": "",
      "form_type": "",
      "style": "",
      "tags": []
    },
    {
      "text": "దయచేసి నాకు సహాయం చేయండి.",
      "note": "",
      "form_type": "",
      "style": "",
      "tags": []
    },
    {
      "text": "దయచేసి ఒక్క నిమిషం ఆగండి.",
      "note": "",
      "form_type": "",
      "style": "",
      "tags": []
    },
    {
      "text": "దీని ధర ఎంత?",
      "note": "షాపింగ్",
      "form_type": "",
      "style": "",
      "tags": []
    },
    {
      "text": "టాయిలెట్ ఎక్కడ ఉంది?",
      "note": "",
      "form_type": "",
      "style": "",
      "tags": []
    },
    {
      "text": "నాకు ఆకలిగా ఉంది.",
      "note": "",
      "form_type": "",
      "style": "",
      "tags": []
    },
    {
      "text": "నాకు దప్పికగా ఉంది.",
      "note": "",
      "form_type": "",
      "style": "",
      "tags": []
    },
    {
      "text": "ఇది రుచిగా ఉంది.",
      "note": "",
      "form_type": "",
      "style": "",
      "tags": []
    },
    {
      "text": "నాకు ఇది ఇష్టం.",
      "note": "",
      "form_type": "",
      "style": "",
      "tags": []
    },
    {
      "text": "పర్వాలేదు / సరే.",
      "note": "",
      "form_type": "",
      "style": "",
      "tags": []
    },
    {
      "text": "శుభాకాంక్షలు.",
      "note": "",
      "form_type": "",
      "style": "",
      "tags": []
    },
    {
      "text": "ఇప్పుడు సమయం ఎంత?",
      "note": "",
      "form_type": "",
      "style": "",
      "tags": []
    },
    {
      "text": "ఈరోజు వాతావరణం బాగుంది.",
      "note": "",
      "form_type": "",
      "style": "",
      "tags": []
    },
    {
      "text": "చలిగా ఉంది.",
      "note": "",
      "form_type": "",
      "style": "",
      "tags": []
    },
    {
      "text": "వేడిగా ఉంది.",
      "note": "",
      "form_type": "",
      "style": "",
      "tags": []
    },
    {
      "text": "నేను అలసిపోయాను.",
      "note": "",
      "form_type": "",
      "style": "",
      "tags": []
    },
    {
      "text": "నేను సంతోషంగా ఉన్నాను.",
      "note": "",
      "form_type": "",
      "style": "",
      "tags": []
    },
    {
      "text": "అభినందనలు.",
      "note": "",
      "form_type": "",
      "style": "",
      "tags": []
    },
    {
      "text": "పుట్టినరోజు శుభాకాంక్షలు.",
      "note": "",
      "form_type": "",
      "style": "",
      "tags": []
    },
    {
      "text": "ఈరోజు శుభప్రదం కావాలి.",
      "note": "",
      "form_type": "",
      "style": "",
      "tags": []
    },
    {
      "text": "రేపు కలుద్దాం.",
      "note": "",
      "form_type": "",
      "style": "",
      "tags": []
    },
    {
      "text": "జాగ్రత్తగా ఉండండి.",
      "note": "",
      "form_type": "",
      "style": "",
      "tags": []
    },
    {
      "text": "మీరు ఇంగ్లీష్ మాట్లాడగలరా?",
      "note": "",
      "form_type": "",
      "style": "",
      "tags": []
    },
    {
      "text": "నాకు కొరియన్ కొద్దిగానే తెలుసు.",
      "note": "",
      "form_type": "",
      "style": "",
      "tags": []
    },
    {
      "text": "దయచేసి నెమ్మదిగా మాట్లాడండి.",
      "note": "",
      "form_type": "",
      "style": "",
      "tags": []
    },
    {
      "text": "దీని అర్థం ఏమిటి?",
      "note": "",
      "form_type": "",
      "style": "",
      "tags": []
    },
    {
      "text": "దీనిని కొరియన్ లో ఏమంటారు?",
      "note": "",
      "form_type": "",
      "style": "",
      "tags": []
    },
    {
      "text": "నేను నిన్ను ప్రేమిస్తున్నాను.",
      "note": "",
      "form_type": "",
      "style": "",
      "tags": []
    },
    {
      "text": "దయచేసి వేచి ఉండండి.",
      "note": "",
      "form_type": "",
      "style": "",
      "tags": []
    },
    {
      "text": "స్వాగతం / పర్వాలేదు.",
      "note": "",
      "form_type": "",
      "style": "",
      "tags": []
    },
    {
      "text": "వద్దు, ధన్యవాదాలు.",
      "note": "",
      "form_type": "",
      "style": "",
      "tags": []
    },
    {
      "text": "నాకు ఒక ప్రశ్న ఉంది.",
      "note": "",
      "form_type": "",
      "style": "",
      "tags": []
    }
  ]
}