{
  "default_type": "word",
  "subject": "Pamata Lietvārdi 50",
  "pos": "noun",
  "entries": [
    {
      "text": "Persona",
      "note": "",
      "tags": []
    },
    {
      "text": "Ūdens",
      "note": "Dzeramais ūdens",
      "tags": []
    },
    {
      "text": "Rīsi / Ēdiens",
      "note": "Ēdiens",
      "tags": []
    },
    {
      "text": "Maize",
      "note": "",
      "tags": []
    },
    {
      "text": "Ābols",
      "note": "Auglis",
      "tags": []
    },
    {
      "text": "Piens",
      "note": "",
      "tags": []
    },
    {
      "text": "Gaļa",
      "note": "",
      "tags": []
    },
    {
      "text": "Drēbes",
      "note": "",
      "tags": []
    },
    {
      "text": "Māja",
      "note": "Mājoklis",
      "tags": []
    },
    {
      "text": "Istaba",
      "note": "",
      "tags": []
    },
    {
      "text": "Logs",
      "note": "",
      "tags": []
    },
    {
      "text": "Durvis",
      "note": "Ieeja",
      "tags": []
    },
    {
      "text": "Rakstāmgalds",
      "note": "",
      "tags": []
    },
    {
      "text": "Krēsls",
      "note": "",
      "tags": []
    },
    {
      "text": "Dators",
      "note": "",
      "tags": []
    },
    {
      "text": "Telefons",
      "note": "",
      "tags": []
    },
    {
      "text": "Grāmata",
      "note": "Bibliotēka",
      "tags": []
    },
    {
      "text": "Zīmulis",
      "note": "",
      "tags": []
    },
    {
      "text": "Papīrs",
      "note": "",
      "tags": []
    },
    {
      "text": "Soma",
      "note": "",
      "tags": []
    },
    {
      "text": "Skola",
      "note": "",
      "tags": []
    },
    {
      "text": "Uzņēmums",
      "note": "",
      "tags": []
    },
    {
      "text": "Slimnīca",
      "note": "",
      "tags": []
    },
    {
      "text": "Aptieka",
      "note": "",
      "tags": []
    },
    {
      "text": "Restorāns",
      "note": "",
      "tags": []
    },
    {
      "text": "Tirgus",
      "note": "Tirdzniecības vieta",
      "tags": []
    },
    {
      "text": "Metro",
      "note": "",
      "tags": []
    },
    {
      "text": "Autobuss",
      "note": "",
      "tags": []
    },
    {
      "text": "Taksometrs",
      "note": "",
      "tags": []
    },
    {
      "text": "Lidmašīna",
      "note": "",
      "tags": []
    },
    {
      "text": "Vilciens",
      "note": "",
      "tags": []
    },
    {
      "text": "Velosipēds",
      "note": "",
      "tags": []
    },
    {
      "text": "Ceļš",
      "note": "Ceļš",
      "tags": []
    },
    {
      "text": "Kalns",
      "note": "",
      "tags": []
    },
    {
      "text": "Jūra",
      "note": "",
      "tags": []
    },
    {
      "text": "Upe",
      "note": "",
      "tags": []
    },
    {
      "text": "Debesis",
      "note": "",
      "tags": []
    },
    {
      "text": "Saule / Gads",
      "note": "Saule / Gads",
      "tags": []
    },
    {
      "text": "Mēness",
      "note": "Satelīts",
      "tags": []
    },
    {
      "text": "Zvaigzne",
      "note": "Debess ķermenis",
      "tags": []
    },
    {
      "text": "Koks",
      "note": "",
      "tags": []
    },
    {
      "text": "Puķe",
      "note": "",
      "tags": []
    },
    {
      "text": "Kucēns",
      "note": "",
      "tags": []
    },
    {
      "text": "Kaķis",
      "note": "",
      "tags": []
    },
    {
      "text": "Nauda",
      "note": "Skaidra nauda",
      "tags": []
    },
    {
      "text": "Laiks",
      "note": "",
      "tags": []
    },
    {
      "text": "Šodien",
      "note": "",
      "tags": []
    },
    {
      "text": "Rīt",
      "note": "",
      "tags": []
    },
    {
      "text": "Vakar",
      "note": "",
      "tags": []
    },
    {
      "text": "Draugs",
      "note": "",
      "tags": []
    }
  ]
}