{
  "default_type": "word",
  "subject": "۵۰ اسم اصلی",
  "pos": "noun",
  "entries": [
    {
      "text": "من",
      "note": "",
      "tags": []
    },
    {
      "text": "تو / شما",
      "note": "",
      "tags": []
    },
    {
      "text": "این",
      "note": "",
      "tags": []
    },
    {
      "text": "آن",
      "note": "",
      "tags": []
    },
    {
      "text": "چه کسی",
      "note": "",
      "tags": []
    },
    {
      "text": "چه چیزی",
      "note": "",
      "tags": []
    },
    {
      "text": "کجا",
      "note": "",
      "tags": []
    },
    {
      "text": "چه زمانی",
      "note": "",
      "tags": []
    },
    {
      "text": "چرا",
      "note": "",
      "tags": []
    },
    {
      "text": "چگونه",
      "note": "",
      "tags": []
    },
    {
      "text": "شخص",
      "note": "",
      "tags": []
    },
    {
      "text": "دوست",
      "note": "",
      "tags": []
    },
    {
      "text": "خانواده",
      "note": "",
      "tags": []
    },
    {
      "text": "نام",
      "note": "",
      "tags": []
    },
    {
      "text": "خانه",
      "note": "",
      "tags": []
    },
    {
      "text": "مدرسه",
      "note": "",
      "tags": []
    },
    {
      "text": "شرکت",
      "note": "",
      "tags": []
    },
    {
      "text": "بیمارستان",
      "note": "",
      "tags": []
    },
    {
      "text": "بازار",
      "note": "",
      "tags": []
    },
    {
      "text": "رستوران",
      "note": "",
      "tags": []
    },
    {
      "text": "کافه",
      "note": "",
      "tags": []
    },
    {
      "text": "دستشویی",
      "note": "",
      "tags": []
    },
    {
      "text": "کتاب",
      "note": "",
      "tags": []
    },
    {
      "text": "آب",
      "note": "",
      "tags": []
    },
    {
      "text": "غذا",
      "note": "",
      "tags": []
    },
    {
      "text": "پول",
      "note": "",
      "tags": []
    },
    {
      "text": "لباس",
      "note": "",
      "tags": []
    },
    {
      "text": "کفش",
      "note": "",
      "tags": []
    },
    {
      "text": "کیف",
      "note": "",
      "tags": []
    },
    {
      "text": "ساعت",
      "note": "",
      "tags": []
    },
    {
      "text": "تلفن",
      "note": "",
      "tags": []
    },
    {
      "text": "کامپیوتر",
      "note": "",
      "tags": []
    },
    {
      "text": "ماشین",
      "note": "",
      "tags": []
    },
    {
      "text": "ماه",
      "note": "کره ماه",
      "tags": []
    },
    {
      "text": "ستاره",
      "note": "کیهان",
      "tags": []
    },
    {
      "text": "خورشید",
      "note": "",
      "tags": []
    },
    {
      "text": "آسمان",
      "note": "",
      "tags": []
    },
    {
      "text": "دریا",
      "note": "",
      "tags": []
    },
    {
      "text": "کوه",
      "note": "",
      "tags": []
    },
    {
      "text": "گل",
      "note": "",
      "tags": []
    },
    {
      "text": "درخت",
      "note": "",
      "tags": []
    },
    {
      "text": "سگ",
      "note": "",
      "tags": []
    },
    {
      "text": "گربه",
      "note": "",
      "tags": []
    },
    {
      "text": "امروز",
      "note": "",
      "tags": []
    },
    {
      "text": "فردا",
      "note": "",
      "tags": []
    },
    {
      "text": "دیروز",
      "note": "",
      "tags": []
    },
    {
      "text": "الان",
      "note": "",
      "tags": []
    },
    {
      "text": "زمان",
      "note": "",
      "tags": []
    },
    {
      "text": "روز",
      "note": "",
      "tags": []
    },
    {
      "text": "شب",
      "note": "",
      "tags": []
    }
  ]
}