{
  "default_type": "word",
  "subject": "名詞 1",
  "pos": "名詞",
  "entries": [
    {
      "text": "人",
      "note": "",
      "tags": []
    },
    {
      "text": "水",
      "note": "飲用水",
      "tags": []
    },
    {
      "text": "飯",
      "note": "正餐",
      "tags": []
    },
    {
      "text": "麵包",
      "note": "",
      "tags": []
    },
    {
      "text": "蘋果",
      "note": "水果",
      "tags": []
    },
    {
      "text": "牛奶",
      "note": "",
      "tags": []
    },
    {
      "text": "肉",
      "note": "",
      "tags": []
    },
    {
      "text": "衣服",
      "note": "",
      "tags": []
    },
    {
      "text": "家",
      "note": "住房",
      "tags": []
    },
    {
      "text": "房間",
      "note": "",
      "tags": []
    },
    {
      "text": "窗戶",
      "note": "",
      "tags": []
    },
    {
      "text": "門",
      "note": "入口",
      "tags": []
    },
    {
      "text": "桌子",
      "note": "",
      "tags": []
    },
    {
      "text": "椅子",
      "note": "",
      "tags": []
    },
    {
      "text": "電腦",
      "note": "",
      "tags": []
    },
    {
      "text": "電話",
      "note": "",
      "tags": []
    },
    {
      "text": "書",
      "note": "圖書",
      "tags": []
    },
    {
      "text": "鉛筆",
      "note": "",
      "tags": []
    },
    {
      "text": "紙",
      "note": "",
      "tags": []
    },
    {
      "text": "包",
      "note": "",
      "tags": []
    },
    {
      "text": "學校",
      "note": "",
      "tags": []
    },
    {
      "text": "公司",
      "note": "",
      "tags": []
    },
    {
      "text": "醫院",
      "note": "",
      "tags": []
    },
    {
      "text": "藥店",
      "note": "",
      "tags": []
    },
    {
      "text": "餐館",
      "note": "",
      "tags": []
    },
    {
      "text": "市場",
      "note": "老市場",
      "tags": []
    },
    {
      "text": "地鐵",
      "note": "",
      "tags": []
    },
    {
      "text": "公交車",
      "note": "",
      "tags": []
    },
    {
      "text": "出租車",
      "note": "",
      "tags": []
    },
    {
      "text": "飛機",
      "note": "",
      "tags": []
    },
    {
      "text": "火車",
      "note": "",
      "tags": []
    },
    {
      "text": "自行車",
      "note": "",
      "tags": []
    },
    {
      "text": "路",
      "note": "道路",
      "tags": []
    },
    {
      "text": "山",
      "note": "",
      "tags": []
    },
    {
      "text": "海",
      "note": "",
      "tags": []
    },
    {
      "text": "河",
      "note": "",
      "tags": []
    },
    {
      "text": "天空",
      "note": "",
      "tags": []
    },
    {
      "text": "太陽",
      "note": "恆星",
      "tags": []
    },
    {
      "text": "月亮",
      "note": "衛星",
      "tags": []
    },
    {
      "text": "星星",
      "note": "天體",
      "tags": []
    },
    {
      "text": "樹",
      "note": "",
      "tags": []
    },
    {
      "text": "花",
      "note": "",
      "tags": []
    },
    {
      "text": "小狗",
      "note": "",
      "tags": []
    },
    {
      "text": "小貓",
      "note": "",
      "tags": []
    },
    {
      "text": "錢",
      "note": "現金",
      "tags": []
    },
    {
      "text": "時間",
      "note": "",
      "tags": []
    },
    {
      "text": "今天",
      "note": "",
      "tags": []
    },
    {
      "text": "明天",
      "note": "",
      "tags": []
    },
    {
      "text": "昨天",
      "note": "",
      "tags": []
    },
    {
      "text": "朋友",
      "note": "",
      "tags": []
    }
  ]
}