{
  "default_type": "word",
  "subject": "Асноўныя назоўнікі 50",
  "pos": "noun",
  "entries": [
    {
      "text": "Чалавек",
      "note": "",
      "tags": []
    },
    {
      "text": "Вада",
      "note": "Drinking water",
      "tags": []
    },
    {
      "text": "Рыс / Ежа",
      "note": "Meal",
      "tags": []
    },
    {
      "text": "Хлеб",
      "note": "",
      "tags": []
    },
    {
      "text": "Яблык",
      "note": "Fruit",
      "tags": []
    },
    {
      "text": "Малако",
      "note": "",
      "tags": []
    },
    {
      "text": "Мяса",
      "note": "",
      "tags": []
    },
    {
      "text": "Адзенне",
      "note": "",
      "tags": []
    },
    {
      "text": "Дом",
      "note": "Housing",
      "tags": []
    },
    {
      "text": "Пакой",
      "note": "",
      "tags": []
    },
    {
      "text": "Акно",
      "note": "",
      "tags": []
    },
    {
      "text": "Дзверы",
      "note": "Entrance",
      "tags": []
    },
    {
      "text": "Стол",
      "note": "",
      "tags": []
    },
    {
      "text": "Крэсла",
      "note": "",
      "tags": []
    },
    {
      "text": "Камп'ютар",
      "note": "",
      "tags": []
    },
    {
      "text": "Тэлефон",
      "note": "",
      "tags": []
    },
    {
      "text": "Кніга",
      "note": "Library",
      "tags": []
    },
    {
      "text": "Аловак",
      "note": "",
      "tags": []
    },
    {
      "text": "Папера",
      "note": "",
      "tags": []
    },
    {
      "text": "Сумка",
      "note": "",
      "tags": []
    },
    {
      "text": "Школа",
      "note": "",
      "tags": []
    },
    {
      "text": "Кампанія",
      "note": "",
      "tags": []
    },
    {
      "text": "Бальніца",
      "note": "",
      "tags": []
    },
    {
      "text": "Аптэка",
      "note": "",
      "tags": []
    },
    {
      "text": "Рэстаран",
      "note": "",
      "tags": []
    },
    {
      "text": "Рынак",
      "note": "Marketplace",
      "tags": []
    },
    {
      "text": "Метро",
      "note": "",
      "tags": []
    },
    {
      "text": "Аўтобус",
      "note": "",
      "tags": []
    },
    {
      "text": "Таксі",
      "note": "",
      "tags": []
    },
    {
      "text": "Самалёт",
      "note": "",
      "tags": []
    },
    {
      "text": "Цягнік",
      "note": "",
      "tags": []
    },
    {
      "text": "Веласіпед",
      "note": "",
      "tags": []
    },
    {
      "text": "Дарога",
      "note": "Road",
      "tags": []
    },
    {
      "text": "Гара",
      "note": "",
      "tags": []
    },
    {
      "text": "Мора",
      "note": "",
      "tags": []
    },
    {
      "text": "Рака",
      "note": "",
      "tags": []
    },
    {
      "text": "Неба",
      "note": "",
      "tags": []
    },
    {
      "text": "Сонца / Год",
      "note": "Sun / Year",
      "tags": []
    },
    {
      "text": "Месяц",
      "note": "Satellite",
      "tags": []
    },
    {
      "text": "Зорка",
      "note": "Celestial Body",
      "tags": []
    },
    {
      "text": "Дрэва",
      "note": "",
      "tags": []
    },
    {
      "text": "Кветка",
      "note": "",
      "tags": []
    },
    {
      "text": "Шчанюк",
      "note": "",
      "tags": []
    },
    {
      "text": "Кот",
      "note": "",
      "tags": []
    },
    {
      "text": "Грошы",
      "note": "Cash",
      "tags": []
    },
    {
      "text": "Час",
      "note": "",
      "tags": []
    },
    {
      "text": "Сёння",
      "note": "",
      "tags": []
    },
    {
      "text": "Заўтра",
      "note": "",
      "tags": []
    },
    {
      "text": "Учора",
      "note": "",
      "tags": []
    },
    {
      "text": "Сябар",
      "note": "",
      "tags": []
    }
  ]
}