{
  "default_type": "word",
  "subject": "Osnovne Imenice 50",
  "pos": "noun",
  "entries": [
    {
      "text": "Osoba",
      "note": "",
      "tags": []
    },
    {
      "text": "Voda",
      "note": "Drinking water",
      "tags": []
    },
    {
      "text": "Pirinač / Obrok",
      "note": "Meal",
      "tags": []
    },
    {
      "text": "Hleb",
      "note": "",
      "tags": []
    },
    {
      "text": "Jabuka",
      "note": "Fruit",
      "tags": []
    },
    {
      "text": "Mleko",
      "note": "",
      "tags": []
    },
    {
      "text": "Meso",
      "note": "",
      "tags": []
    },
    {
      "text": "Odeća",
      "note": "",
      "tags": []
    },
    {
      "text": "Kuća",
      "note": "Housing",
      "tags": []
    },
    {
      "text": "Soba",
      "note": "",
      "tags": []
    },
    {
      "text": "Prozor",
      "note": "",
      "tags": []
    },
    {
      "text": "Vrata",
      "note": "Entrance",
      "tags": []
    },
    {
      "text": "Sto",
      "note": "",
      "tags": []
    },
    {
      "text": "Stolica",
      "note": "",
      "tags": []
    },
    {
      "text": "Kompjuter",
      "note": "",
      "tags": []
    },
    {
      "text": "Telefon",
      "note": "",
      "tags": []
    },
    {
      "text": "Knjiga",
      "note": "Library",
      "tags": []
    },
    {
      "text": "Olovka",
      "note": "",
      "tags": []
    },
    {
      "text": "Papir",
      "note": "",
      "tags": []
    },
    {
      "text": "Torba",
      "note": "",
      "tags": []
    },
    {
      "text": "Škola",
      "note": "",
      "tags": []
    },
    {
      "text": "Kompanija",
      "note": "",
      "tags": []
    },
    {
      "text": "Bolnica",
      "note": "",
      "tags": []
    },
    {
      "text": "Apoteka",
      "note": "",
      "tags": []
    },
    {
      "text": "Restoran",
      "note": "",
      "tags": []
    },
    {
      "text": "Pijaca",
      "note": "Marketplace",
      "tags": []
    },
    {
      "text": "Metro",
      "note": "",
      "tags": []
    },
    {
      "text": "Autobus",
      "note": "",
      "tags": []
    },
    {
      "text": "Taksi",
      "note": "",
      "tags": []
    },
    {
      "text": "Avion",
      "note": "",
      "tags": []
    },
    {
      "text": "Voz",
      "note": "",
      "tags": []
    },
    {
      "text": "Bicikl",
      "note": "",
      "tags": []
    },
    {
      "text": "Put",
      "note": "Road",
      "tags": []
    },
    {
      "text": "Planina",
      "note": "",
      "tags": []
    },
    {
      "text": "More",
      "note": "",
      "tags": []
    },
    {
      "text": "Reka",
      "note": "",
      "tags": []
    },
    {
      "text": "Nebo",
      "note": "",
      "tags": []
    },
    {
      "text": "Sunce / Godina",
      "note": "Sun / Year",
      "tags": []
    },
    {
      "text": "Mesec",
      "note": "Satellite",
      "tags": []
    },
    {
      "text": "Zvezda",
      "note": "Celestial Body",
      "tags": []
    },
    {
      "text": "Drvo",
      "note": "",
      "tags": []
    },
    {
      "text": "Cvet",
      "note": "",
      "tags": []
    },
    {
      "text": "Štene",
      "note": "",
      "tags": []
    },
    {
      "text": "Mačka",
      "note": "",
      "tags": []
    },
    {
      "text": "Novac",
      "note": "Cash",
      "tags": []
    },
    {
      "text": "Vreme",
      "note": "",
      "tags": []
    },
    {
      "text": "Danas",
      "note": "",
      "tags": []
    },
    {
      "text": "Sutra",
      "note": "",
      "tags": []
    },
    {
      "text": "Juče",
      "note": "",
      "tags": []
    },
    {
      "text": "Prijatelj",
      "note": "",
      "tags": []
    }
  ]
}