{
  "default_type": "word",
  "subject": "명사 1",
  "source_language": "Korean",
  "target_language": "English",
  "entries": [
    {
      "source_text": "사람",
      "target_text": "Person",
      "note": "인간",
      "tags": [
        "사회",
        "생물"
      ]
    },
    {
      "source_text": "물",
      "target_text": "Water",
      "note": "H2O",
      "tags": [
        "자연",
        "음료",
        "필수"
      ]
    },
    {
      "source_text": "밥",
      "target_text": "Rice / Meal",
      "note": "쌀로 만든 주식",
      "tags": [
        "식사",
        "음식"
      ]
    },
    {
      "source_text": "빵",
      "target_text": "Bread",
      "note": "서양식 주식",
      "tags": [
        "음식",
        "베이커리"
      ]
    },
    {
      "source_text": "사과",
      "target_text": "Apple",
      "note": "과일",
      "tags": [
        "자연",
        "음식",
        "식물"
      ]
    },
    {
      "source_text": "우유",
      "target_text": "Milk",
      "note": "젖소의 유즙",
      "tags": [
        "음료",
        "음식"
      ]
    },
    {
      "source_text": "고기",
      "target_text": "Meat",
      "note": "육류",
      "tags": [
        "식재료",
        "음식"
      ]
    },
    {
      "source_text": "옷",
      "target_text": "Clothes",
      "note": "의복",
      "tags": [
        "생활",
        "패션"
      ]
    },
    {
      "source_text": "집",
      "target_text": "House",
      "note": "거주 공간",
      "tags": [
        "생활",
        "장소"
      ]
    },
    {
      "source_text": "방",
      "target_text": "Room",
      "note": "실내 공간",
      "tags": [
        "장소",
        "생활"
      ]
    },
    {
      "source_text": "창문",
      "target_text": "Window",
      "note": "유리창",
      "tags": [
        "가구",
        "집",
        "사물"
      ]
    },
    {
      "source_text": "문",
      "target_text": "Door",
      "note": "출입구",
      "tags": [
        "가구",
        "집",
        "사물"
      ]
    },
    {
      "source_text": "책상",
      "target_text": "Desk",
      "note": "사무용 탁자",
      "tags": [
        "가구",
        "교육"
      ]
    },
    {
      "source_text": "의자",
      "target_text": "Chair",
      "note": "앉는 가구",
      "tags": [
        "가구",
        "생활"
      ]
    },
    {
      "source_text": "컴퓨터",
      "target_text": "Computer",
      "note": "PC/정보기기",
      "tags": [
        "기술",
        "전자"
      ]
    },
    {
      "source_text": "전화기",
      "target_text": "Phone",
      "note": "통신 기기",
      "tags": [
        "기술",
        "전자"
      ]
    },
    {
      "source_text": "책",
      "target_text": "Book",
      "note": "서적/독서물",
      "tags": [
        "교육",
        "문화"
      ]
    },
    {
      "source_text": "연필",
      "target_text": "Pencil",
      "note": "필기구",
      "tags": [
        "교육",
        "문구"
      ]
    },
    {
      "source_text": "종이",
      "target_text": "Paper",
      "note": "필기용지",
      "tags": [
        "사물",
        "문구"
      ]
    },
    {
      "source_text": "가방",
      "target_text": "Bag",
      "note": "소지품 가방",
      "tags": [
        "생활",
        "패션"
      ]
    },
    {
      "source_text": "학교",
      "target_text": "School",
      "note": "교육 기관",
      "tags": [
        "교육",
        "장소"
      ]
    },
    {
      "source_text": "회사",
      "target_text": "Company",
      "note": "직장/사무실",
      "tags": [
        "업무",
        "장소"
      ]
    },
    {
      "source_text": "병원",
      "target_text": "Hospital",
      "note": "의료 기관",
      "tags": [
        "건강",
        "장소"
      ]
    },
    {
      "source_text": "약국",
      "target_text": "Pharmacy",
      "note": "의약품 판매처",
      "tags": [
        "건강",
        "장소"
      ]
    },
    {
      "source_text": "식당",
      "target_text": "Restaurant",
      "note": "음식점",
      "tags": [
        "음식",
        "장소"
      ]
    },
    {
      "source_text": "시장",
      "target_text": "Market",
      "note": "상업 장소",
      "tags": [
        "쇼핑",
        "장소"
      ]
    },
    {
      "source_text": "지하철",
      "target_text": "Subway",
      "note": "대중교통/전철",
      "tags": [
        "교통",
        "이동"
      ]
    },
    {
      "source_text": "버스",
      "target_text": "Bus",
      "note": "대중교통",
      "tags": [
        "교통",
        "이동"
      ]
    },
    {
      "source_text": "택시",
      "target_text": "Taxi",
      "note": "영업용 승용차",
      "tags": [
        "교통",
        "이동"
      ]
    },
    {
      "source_text": "비행기",
      "target_text": "Airplane",
      "note": "항공기",
      "tags": [
        "교통",
        "여행"
      ]
    }
  ]
}