{
  "default_type": "word",
  "subject": "동사 1",
  "source_language": "Korean",
  "target_language": "English",
  "entries": [
    {
      "source_text": "가다",
      "target_text": "To go",
      "note": "출발하다/이동하다",
      "tags": [
        "이동"
      ]
    },
    {
      "source_text": "오다",
      "target_text": "To come",
      "note": "도착하다",
      "tags": [
        "이동"
      ]
    },
    {
      "source_text": "먹다",
      "target_text": "To eat",
      "note": "식사하다",
      "tags": [
        "일반",
        "음식"
      ]
    },
    {
      "source_text": "마시다",
      "target_text": "To drink",
      "note": "음료를 섭취하다",
      "tags": [
        "일반",
        "음료"
      ]
    },
    {
      "source_text": "자다",
      "target_text": "To sleep",
      "note": "수면을 취하다",
      "tags": [
        "일반",
        "건강"
      ]
    },
    {
      "source_text": "보다",
      "target_text": "To see",
      "note": "시청하다/관찰하다",
      "tags": [
        "감각",
        "일반"
      ]
    },
    {
      "source_text": "사다",
      "target_text": "To buy",
      "note": "구매하다",
      "tags": [
        "경제",
        "생활"
      ]
    },
    {
      "source_text": "팔다",
      "target_text": "To sell",
      "note": "판매하다",
      "tags": [
        "경제",
        "생활"
      ]
    },
    {
      "source_text": "읽다",
      "target_text": "To read",
      "note": "글을 읽다",
      "tags": [
        "학습",
        "문화"
      ]
    },
    {
      "source_text": "쓰다",
      "target_text": "To write",
      "note": "글을 적다",
      "tags": [
        "학습",
        "문화"
      ]
    },
    {
      "source_text": "듣다",
      "target_text": "To listen",
      "note": "소리를 듣다",
      "tags": [
        "감각",
        "일반"
      ]
    },
    {
      "source_text": "말하다",
      "target_text": "To speak",
      "note": "대화하다/이야기하다",
      "tags": [
        "대화",
        "언어"
      ]
    },
    {
      "source_text": "하다",
      "target_text": "To do",
      "note": "행동하다/실행하다",
      "tags": [
        "일반"
      ]
    },
    {
      "source_text": "일하다",
      "target_text": "To work",
      "note": "노동하다",
      "tags": [
        "업무",
        "생활"
      ]
    },
    {
      "source_text": "공부하다",
      "target_text": "To study",
      "note": "학습하다",
      "tags": [
        "교육",
        "학습"
      ]
    },
    {
      "source_text": "가르치다",
      "target_text": "To teach",
      "note": "교육하다",
      "tags": [
        "교육",
        "사회"
      ]
    },
    {
      "source_text": "배우다",
      "target_text": "To learn",
      "note": "습득하다",
      "tags": [
        "교육",
        "사회"
      ]
    },
    {
      "source_text": "기다리다",
      "target_text": "To wait",
      "note": "대기하다",
      "tags": [
        "일반"
      ]
    },
    {
      "source_text": "만나다",
      "target_text": "To meet",
      "note": "조우하다/상봉하다",
      "tags": [
        "사회",
        "일반"
      ]
    },
    {
      "source_text": "사랑하다",
      "target_text": "To love",
      "note": "애정을 갖다",
      "tags": [
        "감정"
      ]
    },
    {
      "source_text": "좋아하다",
      "target_text": "To like",
      "note": "선호하다",
      "tags": [
        "감점"
      ]
    },
    {
      "source_text": "싫어하다",
      "target_text": "To dislike",
      "note": "비선호하다",
      "tags": [
        "감정"
      ]
    },
    {
      "source_text": "웃다",
      "target_text": "To laugh",
      "note": "미소 짓다",
      "tags": [
        "감정"
      ]
    },
    {
      "source_text": "울다",
      "target_text": "To cry",
      "note": "눈물을 흘리다",
      "tags": [
        "감정"
      ]
    },
    {
      "source_text": "걷다",
      "target_text": "To walk",
      "note": "보행하다",
      "tags": [
        "이동",
        "운동"
      ]
    },
    {
      "source_text": "뛰다",
      "target_text": "To run",
      "note": "달리다",
      "tags": [
        "이동",
        "운동"
      ]
    },
    {
      "source_text": "앉다",
      "target_text": "To sit",
      "note": "착석하다",
      "tags": [
        "일반"
      ]
    },
    {
      "source_text": "서다",
      "target_text": "To stand",
      "note": "기립하다",
      "tags": [
        "일반"
      ]
    },
    {
      "source_text": "주다",
      "target_text": "To give",
      "note": "제공하다",
      "tags": [
        "거래",
        "사회"
      ]
    },
    {
      "source_text": "받다",
      "target_text": "To receive",
      "note": "수령하다",
      "tags": [
        "거래",
        "사회"
      ]
    }
  ]
}