{
  "default_type": "word",
  "subject": "Osnovne imenice 50",
  "pos": "noun",
  "entries": [
    {
      "text": "Osoba",
      "note": "",
      "tags": []
    },
    {
      "text": "Voda",
      "note": "Drinking water",
      "tags": []
    },
    {
      "text": "Riža / Obrok",
      "note": "Meal",
      "tags": []
    },
    {
      "text": "Kruh",
      "note": "",
      "tags": []
    },
    {
      "text": "Jabuka",
      "note": "Fruit",
      "tags": []
    },
    {
      "text": "Mlijeko",
      "note": "",
      "tags": []
    },
    {
      "text": "Meso",
      "note": "",
      "tags": []
    },
    {
      "text": "Odjeća",
      "note": "",
      "tags": []
    },
    {
      "text": "Kuća",
      "note": "Housing",
      "tags": []
    },
    {
      "text": "Soba",
      "note": "",
      "tags": []
    },
    {
      "text": "Prozor",
      "note": "",
      "tags": []
    },
    {
      "text": "Vrata",
      "note": "Entrance",
      "tags": []
    },
    {
      "text": "Stol",
      "note": "",
      "tags": []
    },
    {
      "text": "Stolica",
      "note": "",
      "tags": []
    },
    {
      "text": "Računalo",
      "note": "",
      "tags": []
    },
    {
      "text": "Telefon",
      "note": "",
      "tags": []
    },
    {
      "text": "Knjiga",
      "note": "Library",
      "tags": []
    },
    {
      "text": "Olovka",
      "note": "",
      "tags": []
    },
    {
      "text": "Papir",
      "note": "",
      "tags": []
    },
    {
      "text": "Torba",
      "note": "",
      "tags": []
    },
    {
      "text": "Škola",
      "note": "",
      "tags": []
    },
    {
      "text": "Tvrtka",
      "note": "",
      "tags": []
    },
    {
      "text": "Bolnica",
      "note": "",
      "tags": []
    },
    {
      "text": "Ljekarna",
      "note": "",
      "tags": []
    },
    {
      "text": "Restoran",
      "note": "",
      "tags": []
    },
    {
      "text": "Tržnica",
      "note": "Marketplace",
      "tags": []
    },
    {
      "text": "Podzemna željeznica",
      "note": "",
      "tags": []
    },
    {
      "text": "Autobus",
      "note": "",
      "tags": []
    },
    {
      "text": "Taxi",
      "note": "",
      "tags": []
    },
    {
      "text": "Avion",
      "note": "",
      "tags": []
    },
    {
      "text": "Vlak",
      "note": "",
      "tags": []
    },
    {
      "text": "Bicikl",
      "note": "",
      "tags": []
    },
    {
      "text": "Cesta",
      "note": "Road",
      "tags": []
    },
    {
      "text": "Planina",
      "note": "",
      "tags": []
    },
    {
      "text": "More",
      "note": "",
      "tags": []
    },
    {
      "text": "Rijeka",
      "note": "",
      "tags": []
    },
    {
      "text": "Nebo",
      "note": "",
      "tags": []
    },
    {
      "text": "Sunce / Godina",
      "note": "Sun / Year",
      "tags": []
    },
    {
      "text": "Mjesec",
      "note": "Satellite",
      "tags": []
    },
    {
      "text": "Zvijezda",
      "note": "Celestial Body",
      "tags": []
    },
    {
      "text": "Stablo",
      "note": "",
      "tags": []
    },
    {
      "text": "Cvijet",
      "note": "",
      "tags": []
    },
    {
      "text": "Štene",
      "note": "",
      "tags": []
    },
    {
      "text": "Mačka",
      "note": "",
      "tags": []
    },
    {
      "text": "Novac",
      "note": "Cash",
      "tags": []
    },
    {
      "text": "Vrijeme",
      "note": "",
      "tags": []
    },
    {
      "text": "Danas",
      "note": "",
      "tags": []
    },
    {
      "text": "Sutra",
      "note": "",
      "tags": []
    },
    {
      "text": "Jučer",
      "note": "",
      "tags": []
    },
    {
      "text": "Prijatelj",
      "note": "",
      "tags": []
    }
  ]
}