{
  "default_type": "word",
  "subject": "အခြေခံနာမ် ၅၀ ခု",
  "pos": "noun",
  "entries": [
    {
      "text": "ကျွန်ုပ် / ကျွန်တော် / ကျွန်မ",
      "note": "",
      "tags": []
    },
    {
      "text": "သင် / မင်း / ခင်ဗျား / ရှင်",
      "note": "",
      "tags": []
    },
    {
      "text": "ဤအရာ / ဒါ",
      "note": "",
      "tags": []
    },
    {
      "text": "ထိုအရာ / ဟိုဟာ",
      "note": "",
      "tags": []
    },
    {
      "text": "ဘယ်သူ",
      "note": "",
      "tags": []
    },
    {
      "text": "ဘာ",
      "note": "",
      "tags": []
    },
    {
      "text": "ဘယ်မှာ",
      "note": "",
      "tags": []
    },
    {
      "text": "ဘယ်တော့",
      "note": "",
      "tags": []
    },
    {
      "text": "ဘာကြောင့်",
      "note": "",
      "tags": []
    },
    {
      "text": "ဘယ်လို",
      "note": "",
      "tags": []
    },
    {
      "text": "လူ",
      "note": "",
      "tags": []
    },
    {
      "text": "သူငယ်ချင်း",
      "note": "",
      "tags": []
    },
    {
      "text": "မိသားစု",
      "note": "",
      "tags": []
    },
    {
      "text": "နာမည်",
      "note": "",
      "tags": []
    },
    {
      "text": "အိမ်",
      "note": "",
      "tags": []
    },
    {
      "text": "ကျောင်း",
      "note": "",
      "tags": []
    },
    {
      "text": "ကုမ္ပဏီ",
      "note": "",
      "tags": []
    },
    {
      "text": "ဆေးရုံ",
      "note": "",
      "tags": []
    },
    {
      "text": "ဈေး",
      "note": "",
      "tags": []
    },
    {
      "text": "စားသောက်ဆိုင်",
      "note": "",
      "tags": []
    },
    {
      "text": "ကော်ဖီဆိုင်",
      "note": "",
      "tags": []
    },
    {
      "text": "အိမ်သာ",
      "note": "",
      "tags": []
    },
    {
      "text": "စာအုပ်",
      "note": "",
      "tags": []
    },
    {
      "text": "ရေ",
      "note": "",
      "tags": []
    },
    {
      "text": "အစားအစာ",
      "note": "",
      "tags": []
    },
    {
      "text": "ပိုက်ဆံ",
      "note": "",
      "tags": []
    },
    {
      "text": "အဝတ်အစား",
      "note": "",
      "tags": []
    },
    {
      "text": "ဖိနပ်",
      "note": "",
      "tags": []
    },
    {
      "text": "အိတ်",
      "note": "",
      "tags": []
    },
    {
      "text": "နာရီ",
      "note": "",
      "tags": []
    },
    {
      "text": "ဖုန်း",
      "note": "",
      "tags": []
    },
    {
      "text": "ကွန်ပျူတာ",
      "note": "",
      "tags": []
    },
    {
      "text": "ကား",
      "note": "",
      "tags": []
    },
    {
      "text": "လ",
      "note": "လ",
      "tags": []
    },
    {
      "text": "ကြယ်",
      "note": "အာကာသ",
      "tags": []
    },
    {
      "text": "နေ",
      "note": "",
      "tags": []
    },
    {
      "text": "ကောင်းကင်",
      "note": "",
      "tags": []
    },
    {
      "text": "ပင်လယ်",
      "note": "",
      "tags": []
    },
    {
      "text": "တောင်",
      "note": "",
      "tags": []
    },
    {
      "text": "ပန်း",
      "note": "",
      "tags": []
    },
    {
      "text": "သစ်ပင်",
      "note": "",
      "tags": []
    },
    {
      "text": "ခွေး",
      "note": "",
      "tags": []
    },
    {
      "text": "ကြောင်",
      "note": "",
      "tags": []
    },
    {
      "text": "ယနေ့",
      "note": "",
      "tags": []
    },
    {
      "text": "မနက်ဖြန်",
      "note": "",
      "tags": []
    },
    {
      "text": "မနေ့က",
      "note": "",
      "tags": []
    },
    {
      "text": "အခု",
      "note": "",
      "tags": []
    },
    {
      "text": "အချိန်",
      "note": "",
      "tags": []
    },
    {
      "text": "နေ့",
      "note": "",
      "tags": []
    },
    {
      "text": "ည",
      "note": "",
      "tags": []
    }
  ]
}