{
  "default_type": "word",
  "subject": "အခြေခံကြိယာ ၁၀၀ ခု",
  "pos": "verb",
  "entries": [
    {
      "text": "သွားသည်",
      "note": "",
      "tags": []
    },
    {
      "text": "လာသည်",
      "note": "",
      "tags": []
    },
    {
      "text": "စားသည်",
      "note": "",
      "tags": []
    },
    {
      "text": "သောက်သည်",
      "note": "",
      "tags": []
    },
    {
      "text": "အိပ်သည်",
      "note": "",
      "tags": []
    },
    {
      "text": "ကြည့်သည်",
      "note": "",
      "tags": []
    },
    {
      "text": "ဝယ်သည်",
      "note": "",
      "tags": []
    },
    {
      "text": "ရောင်းသည်",
      "note": "",
      "tags": []
    },
    {
      "text": "ဖတ်သည်",
      "note": "",
      "tags": []
    },
    {
      "text": "ရေးသည်",
      "note": "စာရေးခြင်း",
      "tags": []
    },
    {
      "text": "နားထောင်သည်",
      "note": "",
      "tags": []
    },
    {
      "text": "ပြောသည်",
      "note": "",
      "tags": []
    },
    {
      "text": "လုပ်သည်",
      "note": "",
      "tags": []
    },
    {
      "text": "အလုပ်လုပ်သည်",
      "note": "",
      "tags": []
    },
    {
      "text": "လေ့လာသည်",
      "note": "",
      "tags": []
    },
    {
      "text": "သင်ကြားသည်",
      "note": "",
      "tags": []
    },
    {
      "text": "သင်ယူသည်",
      "note": "",
      "tags": []
    },
    {
      "text": "စောင့်သည်",
      "note": "",
      "tags": []
    },
    {
      "text": "တွေ့ဆုံသည်",
      "note": "",
      "tags": []
    },
    {
      "text": "ချစ်သည်",
      "note": "",
      "tags": []
    },
    {
      "text": "ကြိုက်သည်",
      "note": "",
      "tags": []
    },
    {
      "text": "မုန်းသည်",
      "note": "",
      "tags": []
    },
    {
      "text": "ရယ်သည်",
      "note": "",
      "tags": []
    },
    {
      "text": "ငိုသည်",
      "note": "",
      "tags": []
    },
    {
      "text": "လမ်းလျှောက်သည်",
      "note": "",
      "tags": []
    },
    {
      "text": "ပြေးသည်",
      "note": "အပြေးလေ့ကျင့်ခြင်း",
      "tags": []
    },
    {
      "text": "ထိုင်သည်",
      "note": "",
      "tags": []
    },
    {
      "text": "မတ်တပ်ရပ်သည်",
      "note": "",
      "tags": []
    },
    {
      "text": "ပေးသည်",
      "note": "",
      "tags": []
    },
    {
      "text": "လက်ခံသည်",
      "note": "",
      "tags": []
    },
    {
      "text": "ဖွင့်သည်",
      "note": "",
      "tags": []
    },
    {
      "text": "ပိတ်သည်",
      "note": "",
      "tags": []
    },
    {
      "text": "စဉ်းစားသည်",
      "note": "",
      "tags": []
    },
    {
      "text": "သိသည်",
      "note": "",
      "tags": []
    },
    {
      "text": "မသိပါ",
      "note": "",
      "tags": []
    },
    {
      "text": "ရှာသည် / တွေ့သည်",
      "note": "",
      "tags": []
    },
    {
      "text": "ပျောက်ဆုံးသည်",
      "note": "",
      "tags": []
    },
    {
      "text": "ကူညီသည်",
      "note": "",
      "tags": []
    },
    {
      "text": "ဆေးကြောသည်",
      "note": "",
      "tags": []
    },
    {
      "text": "ချက်ပြုတ်သည်",
      "note": "",
      "tags": []
    },
    {
      "text": "သီချင်းဆိုသည်",
      "note": "",
      "tags": []
    },
    {
      "text": "ကသည်",
      "note": "",
      "tags": []
    },
    {
      "text": "အသုံးပြုသည်",
      "note": "",
      "tags": []
    },
    {
      "text": "ပြုလုပ်သည်",
      "note": "",
      "tags": []
    },
    {
      "text": "ခေါ်သည် / သီဆိုသည်",
      "note": "သီချင်း / နာမည်",
      "tags": []
    },
    {
      "text": "ကိုင်သည်",
      "note": "",
      "tags": []
    },
    {
      "text": "ချထားသည် / လွှတ်သည်",
      "note": "",
      "tags": []
    },
    {
      "text": "ဝင်သည်",
      "note": "",
      "tags": []
    },
    {
      "text": "ထွက်သည်",
      "note": "",
      "tags": []
    },
    {
      "text": "တက်သည်",
      "note": "ယာဉ်",
      "tags": []
    },
    {
      "text": "ဆင်းသည်",
      "note": "ယာဉ်",
      "tags": []
    },
    {
      "text": "ပို့သည်",
      "note": "",
      "tags": []
    },
    {
      "text": "တင်ပြသည်",
      "note": "တင်ပြချက်",
      "tags": []
    },
    {
      "text": "နေကောင်းသည်",
      "note": "နှုတ်ဆက်ခြင်း",
      "tags": []
    },
    {
      "text": "စတင်သည်",
      "note": "",
      "tags": []
    },
    {
      "text": "ပြီးဆုံးသည်",
      "note": "",
      "tags": []
    },
    {
      "text": "အနားယူသည်",
      "note": "အနားယူခြင်း",
      "tags": []
    },
    {
      "text": "မေးသည်",
      "note": "မေးခွန်း",
      "tags": []
    },
    {
      "text": "ဖြေသည်",
      "note": "",
      "tags": []
    },
    {
      "text": "ကတိပေးသည်",
      "note": "",
      "tags": []
    },
    {
      "text": "စိုးရိမ်သည်",
      "note": "",
      "tags": []
    },
    {
      "text": "ယုံကြည်သည်",
      "note": "",
      "tags": []
    },
    {
      "text": "သံသယဖြစ်သည်",
      "note": "",
      "tags": []
    },
    {
      "text": "မျှော်လင့်သည်",
      "note": "မျှော်လင့်ချက်",
      "tags": []
    },
    {
      "text": "အိပ်မက်မက်သည်",
      "note": "",
      "tags": []
    },
    {
      "text": "ရန်ဖြစ်သည်",
      "note": "",
      "tags": []
    },
    {
      "text": "နိုင်သည်",
      "note": "",
      "tags": []
    },
    {
      "text": "ရှုံးသည်",
      "note": "ရှုံးနိမ့်မှု",
      "tags": []
    },
    {
      "text": "ကြီးထွားသည်",
      "note": "ကြီးထွားမှု",
      "tags": []
    },
    {
      "text": "နေထိုင်သည်",
      "note": "",
      "tags": []
    },
    {
      "text": "သေသည်",
      "note": "",
      "tags": []
    },
    {
      "text": "ကောက်ယူသည်",
      "note": "",
      "tags": []
    },
    {
      "text": "စွန့်ပစ်သည်",
      "note": "",
      "tags": []
    },
    {
      "text": "ဖုံးကွယ်သည်",
      "note": "",
      "tags": []
    },
    {
      "text": "ရှာဖွေသည်",
      "note": "",
      "tags": []
    },
    {
      "text": "ရွေးချယ်သည်",
      "note": "",
      "tags": []
    },
    {
      "text": "ပြောင်းလဲသည်",
      "note": "",
      "tags": []
    },
    {
      "text": "မှာယူသည်",
      "note": "ကုန်ပစ္စည်းမှာယူခြင်း",
      "tags": []
    },
    {
      "text": "ပြင်ဆင်သည်",
      "note": "",
      "tags": []
    },
    {
      "text": "ဖမ်းသည်",
      "note": "",
      "tags": []
    },
    {
      "text": "ပစ်သည်",
      "note": "",
      "tags": []
    },
    {
      "text": "ဆွဲသည်",
      "note": "",
      "tags": []
    },
    {
      "text": "တွန်းသည်",
      "note": "",
      "tags": []
    },
    {
      "text": "ပြင်ဆင်သည်",
      "note": "ပြုပြင်ခြင်း",
      "tags": []
    },
    {
      "text": "ပျက်စီးသည်",
      "note": "",
      "tags": []
    },
    {
      "text": "နာကျင်သည်",
      "note": "",
      "tags": []
    },
    {
      "text": "ကုသသည်",
      "note": "",
      "tags": []
    },
    {
      "text": "လေ့ကျင့်ခန်းလုပ်သည်",
      "note": "",
      "tags": []
    },
    {
      "text": "ရေကူးသည်",
      "note": "",
      "tags": []
    },
    {
      "text": "ခရီးသွားသည်",
      "note": "",
      "tags": []
    },
    {
      "text": "မောင်းနှင်သည်",
      "note": "",
      "tags": []
    },
    {
      "text": "သန့်ရှင်းရေးလုပ်သည်",
      "note": "",
      "tags": []
    },
    {
      "text": "ပန်းကန်ဆေးသည်",
      "note": "",
      "tags": []
    },
    {
      "text": "အဝတ်လျှော်သည်",
      "note": "",
      "tags": []
    },
    {
      "text": "ရေချိုးသည်",
      "note": "",
      "tags": []
    },
    {
      "text": "သွားတိုက်သည်",
      "note": "",
      "tags": []
    },
    {
      "text": "နိုးသည်",
      "note": "နိုးထခြင်း",
      "tags": []
    },
    {
      "text": "အိပ်ရန်သွားသည်",
      "note": "အိပ်စက်ခြင်း",
      "tags": []
    },
    {
      "text": "နားလည်သည်",
      "note": "",
      "tags": []
    },
    {
      "text": "မှတ်မိသည်",
      "note": "",
      "tags": []
    }
  ]
}