{
  "default_type": "word",
  "subject": "Danh từ 1",
  "pos": "Danh từ",
  "entries": [
    {
      "text": "tôi / mình",
      "note": "",
      "tags": []
    },
    {
      "text": "bạn / anh / chị",
      "note": "",
      "tags": []
    },
    {
      "text": "cái này",
      "note": "",
      "tags": []
    },
    {
      "text": "cái kia",
      "note": "",
      "tags": []
    },
    {
      "text": "ai",
      "note": "",
      "tags": []
    },
    {
      "text": "cái gì",
      "note": "",
      "tags": []
    },
    {
      "text": "ở đâu",
      "note": "",
      "tags": []
    },
    {
      "text": "khi nào",
      "note": "",
      "tags": []
    },
    {
      "text": "tại sao",
      "note": "",
      "tags": []
    },
    {
      "text": "như thế nào",
      "note": "",
      "tags": []
    },
    {
      "text": "người",
      "note": "",
      "tags": []
    },
    {
      "text": "bạn bè",
      "note": "",
      "tags": []
    },
    {
      "text": "gia đình",
      "note": "",
      "tags": []
    },
    {
      "text": "tên",
      "note": "",
      "tags": []
    },
    {
      "text": "nhà",
      "note": "",
      "tags": []
    },
    {
      "text": "trường học",
      "note": "",
      "tags": []
    },
    {
      "text": "công ty",
      "note": "",
      "tags": []
    },
    {
      "text": "bệnh viện",
      "note": "",
      "tags": []
    },
    {
      "text": "chợ",
      "note": "",
      "tags": []
    },
    {
      "text": "nhà hàng",
      "note": "",
      "tags": []
    },
    {
      "text": "quán cà phê",
      "note": "",
      "tags": []
    },
    {
      "text": "nhà vệ sinh",
      "note": "",
      "tags": []
    },
    {
      "text": "sách",
      "note": "",
      "tags": []
    },
    {
      "text": "nước",
      "note": "",
      "tags": []
    },
    {
      "text": "thức ăn",
      "note": "",
      "tags": []
    },
    {
      "text": "tiền",
      "note": "",
      "tags": []
    },
    {
      "text": "quần áo",
      "note": "",
      "tags": []
    },
    {
      "text": "giày dép",
      "note": "",
      "tags": []
    },
    {
      "text": "túi xách",
      "note": "",
      "tags": []
    },
    {
      "text": "đồng hồ",
      "note": "",
      "tags": []
    },
    {
      "text": "điện thoại",
      "note": "",
      "tags": []
    },
    {
      "text": "máy tính",
      "note": "",
      "tags": []
    },
    {
      "text": "xe hơi",
      "note": "",
      "tags": []
    },
    {
      "text": "mặt trăng",
      "note": "nguyệt",
      "tags": []
    },
    {
      "text": "ngôi sao",
      "note": "vũ trụ",
      "tags": []
    },
    {
      "text": "mặt trời",
      "note": "",
      "tags": []
    },
    {
      "text": "bầu trời",
      "note": "",
      "tags": []
    },
    {
      "text": "biển",
      "note": "",
      "tags": []
    },
    {
      "text": "núi",
      "note": "",
      "tags": []
    },
    {
      "text": "hoa",
      "note": "",
      "tags": []
    },
    {
      "text": "cây",
      "note": "",
      "tags": []
    },
    {
      "text": "chó",
      "note": "",
      "tags": []
    },
    {
      "text": "mèo",
      "note": "",
      "tags": []
    },
    {
      "text": "hôm nay",
      "note": "",
      "tags": []
    },
    {
      "text": "ngày mai",
      "note": "",
      "tags": []
    },
    {
      "text": "hôm qua",
      "note": "",
      "tags": []
    },
    {
      "text": "bây giờ",
      "note": "",
      "tags": []
    },
    {
      "text": "thời gian",
      "note": "",
      "tags": []
    },
    {
      "text": "ngày",
      "note": "",
      "tags": []
    },
    {
      "text": "đêm",
      "note": "",
      "tags": []
    }
  ]
}