{
  "default_type": "word",
  "subject": "ძირითადი არსებითი სახელები 50",
  "pos": "noun",
  "entries": [
    {
      "text": "ადამიანი",
      "note": "",
      "tags": []
    },
    {
      "text": "წყალი",
      "note": "Drinking water",
      "tags": []
    },
    {
      "text": "ბრინჯი / კვება",
      "note": "Meal",
      "tags": []
    },
    {
      "text": "პური",
      "note": "",
      "tags": []
    },
    {
      "text": "ვაშლი",
      "note": "Fruit",
      "tags": []
    },
    {
      "text": "რძე",
      "note": "",
      "tags": []
    },
    {
      "text": "ხორცი",
      "note": "",
      "tags": []
    },
    {
      "text": "ტანსაცმელი",
      "note": "",
      "tags": []
    },
    {
      "text": "სახლი",
      "note": "Housing",
      "tags": []
    },
    {
      "text": "ოთახი",
      "note": "",
      "tags": []
    },
    {
      "text": "ფანჯარა",
      "note": "",
      "tags": []
    },
    {
      "text": "კარი",
      "note": "Entrance",
      "tags": []
    },
    {
      "text": "მაგიდა",
      "note": "",
      "tags": []
    },
    {
      "text": "სკამი",
      "note": "",
      "tags": []
    },
    {
      "text": "კომპიუტერი",
      "note": "",
      "tags": []
    },
    {
      "text": "ტელეფონი",
      "note": "",
      "tags": []
    },
    {
      "text": "წიგნი",
      "note": "Library",
      "tags": []
    },
    {
      "text": "ფანქარი",
      "note": "",
      "tags": []
    },
    {
      "text": "ქაღალდი",
      "note": "",
      "tags": []
    },
    {
      "text": "ჩანთა",
      "note": "",
      "tags": []
    },
    {
      "text": "სკოლა",
      "note": "",
      "tags": []
    },
    {
      "text": "კომპანია",
      "note": "",
      "tags": []
    },
    {
      "text": "საავადმყოფო",
      "note": "",
      "tags": []
    },
    {
      "text": "აფთიაქი",
      "note": "",
      "tags": []
    },
    {
      "text": "რესტორანი",
      "note": "",
      "tags": []
    },
    {
      "text": "ბაზარი",
      "note": "Marketplace",
      "tags": []
    },
    {
      "text": "მეტრო",
      "note": "",
      "tags": []
    },
    {
      "text": "ავტობუსი",
      "note": "",
      "tags": []
    },
    {
      "text": "ტაქსი",
      "note": "",
      "tags": []
    },
    {
      "text": "თვითმფრინავი",
      "note": "",
      "tags": []
    },
    {
      "text": "მატარებელი",
      "note": "",
      "tags": []
    },
    {
      "text": "ველოსიპედი",
      "note": "",
      "tags": []
    },
    {
      "text": "გზა",
      "note": "Road",
      "tags": []
    },
    {
      "text": "მთა",
      "note": "",
      "tags": []
    },
    {
      "text": "ზღვა",
      "note": "",
      "tags": []
    },
    {
      "text": "მდინარე",
      "note": "",
      "tags": []
    },
    {
      "text": "ცა",
      "note": "",
      "tags": []
    },
    {
      "text": "მზე / წელი",
      "note": "Sun / Year",
      "tags": []
    },
    {
      "text": "მთვარე",
      "note": "Satellite",
      "tags": []
    },
    {
      "text": "ვარსკვლავი",
      "note": "Celestial Body",
      "tags": []
    },
    {
      "text": "ხე",
      "note": "",
      "tags": []
    },
    {
      "text": "ყვავილი",
      "note": "",
      "tags": []
    },
    {
      "text": "ლეკვი",
      "note": "",
      "tags": []
    },
    {
      "text": "კატა",
      "note": "",
      "tags": []
    },
    {
      "text": "ფული",
      "note": "Cash",
      "tags": []
    },
    {
      "text": "დრო",
      "note": "",
      "tags": []
    },
    {
      "text": "დღეს",
      "note": "",
      "tags": []
    },
    {
      "text": "ხვალ",
      "note": "",
      "tags": []
    },
    {
      "text": "გუშინ",
      "note": "",
      "tags": []
    },
    {
      "text": "მეგობარი",
      "note": "",
      "tags": []
    }
  ]
}