{
  "default_type": "word",
  "subject": "ძირითადი ზმნები 100",
  "pos": "verb",
  "entries": [
    {
      "text": "წასვლა",
      "note": "",
      "tags": []
    },
    {
      "text": "მოსვლა",
      "note": "",
      "tags": []
    },
    {
      "text": "ჭამა",
      "note": "",
      "tags": []
    },
    {
      "text": "სმა",
      "note": "",
      "tags": []
    },
    {
      "text": "ძილი",
      "note": "",
      "tags": []
    },
    {
      "text": "დანახვა",
      "note": "",
      "tags": []
    },
    {
      "text": "ყიდვა",
      "note": "",
      "tags": []
    },
    {
      "text": "გაყიდვა",
      "note": "",
      "tags": []
    },
    {
      "text": "კითხვა",
      "note": "",
      "tags": []
    },
    {
      "text": "წერა",
      "note": "Writing",
      "tags": []
    },
    {
      "text": "მოსმენა",
      "note": "",
      "tags": []
    },
    {
      "text": "ლაპარაკი",
      "note": "",
      "tags": []
    },
    {
      "text": "გაკეთება",
      "note": "",
      "tags": []
    },
    {
      "text": "მუშაობა",
      "note": "",
      "tags": []
    },
    {
      "text": "სწავლა",
      "note": "",
      "tags": []
    },
    {
      "text": "სწავლება",
      "note": "",
      "tags": []
    },
    {
      "text": "შესწავლა",
      "note": "",
      "tags": []
    },
    {
      "text": "ლოდინი",
      "note": "",
      "tags": []
    },
    {
      "text": "შეხვედრა",
      "note": "",
      "tags": []
    },
    {
      "text": "სიყვარული",
      "note": "",
      "tags": []
    },
    {
      "text": "მოწონება",
      "note": "",
      "tags": []
    },
    {
      "text": "არ მოწონება",
      "note": "",
      "tags": []
    },
    {
      "text": "სიცილი",
      "note": "",
      "tags": []
    },
    {
      "text": "ტირილი",
      "note": "",
      "tags": []
    },
    {
      "text": "სიარული",
      "note": "",
      "tags": []
    },
    {
      "text": "გარბენა",
      "note": "Running",
      "tags": []
    },
    {
      "text": "დაჯდომა",
      "note": "",
      "tags": []
    },
    {
      "text": "დგომა",
      "note": "",
      "tags": []
    },
    {
      "text": "მიცემა",
      "note": "",
      "tags": []
    },
    {
      "text": "მიღება",
      "note": "",
      "tags": []
    },
    {
      "text": "გაღება",
      "note": "",
      "tags": []
    },
    {
      "text": "დახურვა",
      "note": "",
      "tags": []
    },
    {
      "text": "ფიქრი",
      "note": "",
      "tags": []
    },
    {
      "text": "ცოდნა",
      "note": "",
      "tags": []
    },
    {
      "text": "არ ცოდნა",
      "note": "",
      "tags": []
    },
    {
      "text": "პოვნა",
      "note": "",
      "tags": []
    },
    {
      "text": "დაკარგვა",
      "note": "",
      "tags": []
    },
    {
      "text": "დახმარება",
      "note": "",
      "tags": []
    },
    {
      "text": "გარეცხვა",
      "note": "",
      "tags": []
    },
    {
      "text": "მომზადება",
      "note": "",
      "tags": []
    },
    {
      "text": "სიმღერა",
      "note": "",
      "tags": []
    },
    {
      "text": "ცეკვა",
      "note": "",
      "tags": []
    },
    {
      "text": "გამოყენება",
      "note": "",
      "tags": []
    },
    {
      "text": "დამზადება",
      "note": "",
      "tags": []
    },
    {
      "text": "დარეკვა",
      "note": "Song / Name",
      "tags": []
    },
    {
      "text": "დაჭერა / დაჭერა",
      "note": "",
      "tags": []
    },
    {
      "text": "დადება / დატოვება",
      "note": "",
      "tags": []
    },
    {
      "text": "შესვლა",
      "note": "",
      "tags": []
    },
    {
      "text": "გასვლა",
      "note": "",
      "tags": []
    },
    {
      "text": "ჩასხდომა",
      "note": "Boarding",
      "tags": []
    },
    {
      "text": "გადმოსვლა",
      "note": "Alighting",
      "tags": []
    },
    {
      "text": "გაგზავნა",
      "note": "",
      "tags": []
    },
    {
      "text": "წარდგენა",
      "note": "Submission",
      "tags": []
    },
    {
      "text": "ურთიერთობა",
      "note": "Greetings",
      "tags": []
    },
    {
      "text": "დაწყება",
      "note": "",
      "tags": []
    },
    {
      "text": "დასრულება",
      "note": "",
      "tags": []
    },
    {
      "text": "დასვენება",
      "note": "Relax",
      "tags": []
    },
    {
      "text": "კითხვა",
      "note": "Question",
      "tags": []
    },
    {
      "text": "პასუხი",
      "note": "",
      "tags": []
    },
    {
      "text": "დაპირება",
      "note": "",
      "tags": []
    },
    {
      "text": "ნერვიულობა",
      "note": "",
      "tags": []
    },
    {
      "text": "დაჯერება",
      "note": "",
      "tags": []
    },
    {
      "text": "ეჭვი",
      "note": "",
      "tags": []
    },
    {
      "text": "სურვილი / იმედი",
      "note": "Hope",
      "tags": []
    },
    {
      "text": "ოცნება",
      "note": "",
      "tags": []
    },
    {
      "text": "ბრძოლა",
      "note": "",
      "tags": []
    },
    {
      "text": "მოგება",
      "note": "",
      "tags": []
    },
    {
      "text": "წაგება",
      "note": "Defeat",
      "tags": []
    },
    {
      "text": "გაზრდა",
      "note": "Growth",
      "tags": []
    },
    {
      "text": "ცხოვრება",
      "note": "",
      "tags": []
    },
    {
      "text": "მოკვდომა",
      "note": "",
      "tags": []
    },
    {
      "text": "აღება",
      "note": "",
      "tags": []
    },
    {
      "text": "გადაგდება",
      "note": "",
      "tags": []
    },
    {
      "text": "დამალვა",
      "note": "",
      "tags": []
    },
    {
      "text": "ძებნა",
      "note": "",
      "tags": []
    },
    {
      "text": "არჩევა",
      "note": "",
      "tags": []
    },
    {
      "text": "შეცვლა",
      "note": "",
      "tags": []
    },
    {
      "text": "შეკვეთა",
      "note": "Buying items",
      "tags": []
    },
    {
      "text": "მომზადება",
      "note": "",
      "tags": []
    },
    {
      "text": "დაჭერა",
      "note": "",
      "tags": []
    },
    {
      "text": "გადაგდება",
      "note": "",
      "tags": []
    },
    {
      "text": "გამოწევა",
      "note": "",
      "tags": []
    },
    {
      "text": "დაწოლა",
      "note": "",
      "tags": []
    },
    {
      "text": "გასწორება / შეკეთება",
      "note": "Repair",
      "tags": []
    },
    {
      "text": "გაფუჭება",
      "note": "",
      "tags": []
    },
    {
      "text": "ავად ყოფნა / ტკივილი",
      "note": "",
      "tags": []
    },
    {
      "text": "მკურნალობა / განკურნება",
      "note": "",
      "tags": []
    },
    {
      "text": "ვარჯიში",
      "note": "",
      "tags": []
    },
    {
      "text": "ცურვა",
      "note": "",
      "tags": []
    },
    {
      "text": "მოგზაურობა",
      "note": "",
      "tags": []
    },
    {
      "text": "მართვა",
      "note": "",
      "tags": []
    },
    {
      "text": "დასუფთავება",
      "note": "",
      "tags": []
    },
    {
      "text": "ჭურჭლის გარეცხვა",
      "note": "",
      "tags": []
    },
    {
      "text": "სარეცხის გარეცხვა",
      "note": "",
      "tags": []
    },
    {
      "text": "შხაპის მიღება",
      "note": "",
      "tags": []
    },
    {
      "text": "კბილების გახეხვა",
      "note": "",
      "tags": []
    },
    {
      "text": "გაღვიძება",
      "note": "Wake up",
      "tags": []
    },
    {
      "text": "დაძინება",
      "note": "Sleeping",
      "tags": []
    },
    {
      "text": "გაგება",
      "note": "",
      "tags": []
    },
    {
      "text": "დამახსოვრება",
      "note": "",
      "tags": []
    }
  ]
}