{
  "default_type": "word",
  "subject": "Substantius bàsics 50",
  "pos": "noun",
  "entries": [
    {
      "text": "Persona",
      "note": "",
      "tags": []
    },
    {
      "text": "Aigua",
      "note": "Drinking water",
      "tags": []
    },
    {
      "text": "Arròs / Menjar",
      "note": "Meal",
      "tags": []
    },
    {
      "text": "Pa",
      "note": "",
      "tags": []
    },
    {
      "text": "Poma",
      "note": "Fruit",
      "tags": []
    },
    {
      "text": "Llet",
      "note": "",
      "tags": []
    },
    {
      "text": "Carn",
      "note": "",
      "tags": []
    },
    {
      "text": "Roba",
      "note": "",
      "tags": []
    },
    {
      "text": "Casa",
      "note": "Housing",
      "tags": []
    },
    {
      "text": "Habitació",
      "note": "",
      "tags": []
    },
    {
      "text": "Finestra",
      "note": "",
      "tags": []
    },
    {
      "text": "Porta",
      "note": "Entrance",
      "tags": []
    },
    {
      "text": "Escriptori",
      "note": "",
      "tags": []
    },
    {
      "text": "Cadira",
      "note": "",
      "tags": []
    },
    {
      "text": "Ordinador",
      "note": "",
      "tags": []
    },
    {
      "text": "Telèfon",
      "note": "",
      "tags": []
    },
    {
      "text": "Llibre",
      "note": "Library",
      "tags": []
    },
    {
      "text": "Llapis",
      "note": "",
      "tags": []
    },
    {
      "text": "Paper",
      "note": "",
      "tags": []
    },
    {
      "text": "Bossa",
      "note": "",
      "tags": []
    },
    {
      "text": "Escola",
      "note": "",
      "tags": []
    },
    {
      "text": "Companyia",
      "note": "",
      "tags": []
    },
    {
      "text": "Hospital",
      "note": "",
      "tags": []
    },
    {
      "text": "Farmàcia",
      "note": "",
      "tags": []
    },
    {
      "text": "Restaurant",
      "note": "",
      "tags": []
    },
    {
      "text": "Mercat",
      "note": "Marketplace",
      "tags": []
    },
    {
      "text": "Metro",
      "note": "",
      "tags": []
    },
    {
      "text": "Autobús",
      "note": "",
      "tags": []
    },
    {
      "text": "Taxi",
      "note": "",
      "tags": []
    },
    {
      "text": "Avió",
      "note": "",
      "tags": []
    },
    {
      "text": "Tren",
      "note": "",
      "tags": []
    },
    {
      "text": "Bicicleta",
      "note": "",
      "tags": []
    },
    {
      "text": "Carretera",
      "note": "Road",
      "tags": []
    },
    {
      "text": "Muntanya",
      "note": "",
      "tags": []
    },
    {
      "text": "Mar",
      "note": "",
      "tags": []
    },
    {
      "text": "Riu",
      "note": "",
      "tags": []
    },
    {
      "text": "Cel",
      "note": "",
      "tags": []
    },
    {
      "text": "Sol / Any",
      "note": "Sun / Year",
      "tags": []
    },
    {
      "text": "Lluna",
      "note": "Satellite",
      "tags": []
    },
    {
      "text": "Estrella",
      "note": "Celestial Body",
      "tags": []
    },
    {
      "text": "Arbre",
      "note": "",
      "tags": []
    },
    {
      "text": "Flor",
      "note": "",
      "tags": []
    },
    {
      "text": "Cria de gos",
      "note": "",
      "tags": []
    },
    {
      "text": "Gat",
      "note": "",
      "tags": []
    },
    {
      "text": "Diners",
      "note": "Cash",
      "tags": []
    },
    {
      "text": "Temps",
      "note": "",
      "tags": []
    },
    {
      "text": "Avui",
      "note": "",
      "tags": []
    },
    {
      "text": "Demà",
      "note": "",
      "tags": []
    },
    {
      "text": "Ahir",
      "note": "",
      "tags": []
    },
    {
      "text": "Amic",
      "note": "",
      "tags": []
    }
  ]
}