{
  "default_type": "sentence",
  "subject": "මූලික ප්‍රකාශන සහ එදිනෙදා වාක්‍ය 50",
  "entries": [
    {
      "text": "ආයුබෝවන්.",
      "note": "සුහදශීලී ආචාරය",
      "form_type": "",
      "style": "",
      "tags": []
    },
    {
      "text": "ඔබව හමුවීම සතුටක්.",
      "note": "පළමු හමුවීම",
      "form_type": "",
      "style": "",
      "tags": []
    },
    {
      "text": "හමුවී බොහෝ කල් ගතවුණා.",
      "note": "නැවත හමුවීම",
      "form_type": "",
      "style": "",
      "tags": []
    },
    {
      "text": "බොහෝම ස්තූතියි.",
      "note": "විධිමත්",
      "form_type": "",
      "style": "",
      "tags": []
    },
    {
      "text": "මට කණගාටුයි.",
      "note": "විධිමත්",
      "form_type": "",
      "style": "",
      "tags": []
    },
    {
      "text": "සමාවෙන්න.",
      "note": "අවධානය දිනා ගැනීමට",
      "form_type": "",
      "style": "",
      "tags": []
    },
    {
      "text": "සැප සනීප කොහොමද?",
      "note": "සම්භාෂණය",
      "form_type": "",
      "style": "",
      "tags": []
    },
    {
      "text": "සනීපෙන් ඉන්නවා, ස්තූතියි.",
      "note": "",
      "form_type": "",
      "style": "",
      "tags": []
    },
    {
      "text": "ඔබේ නම මොකක්ද?",
      "note": "",
      "form_type": "",
      "style": "",
      "tags": []
    },
    {
      "text": "මගේ නම ...",
      "note": "",
      "form_type": "",
      "style": "",
      "tags": []
    },
    {
      "text": "ඔබ කොහේ ඉඳලද එන්නේ?",
      "note": "",
      "form_type": "",
      "style": "",
      "tags": []
    },
    {
      "text": "මම පැමිණෙන්නේ ඇමරිකාවේ සිටයි.",
      "note": "",
      "form_type": "",
      "style": "",
      "tags": []
    },
    {
      "text": "ගිහින් එන්නම්.",
      "note": "යන පුද්ගලයාට",
      "form_type": "",
      "style": "",
      "tags": []
    },
    {
      "text": "සැපෙන් ඉන්න / ගිහින් එන්න.",
      "note": "සිටින පුද්ගලයාට",
      "form_type": "",
      "style": "",
      "tags": []
    },
    {
      "text": "ඔව්.",
      "note": "ධනාත්මක",
      "form_type": "",
      "style": "",
      "tags": []
    },
    {
      "text": "නැහැ.",
      "note": "ඍණාත්මක",
      "form_type": "",
      "style": "",
      "tags": []
    },
    {
      "text": "සමහරවිට.",
      "note": "අනුමානය",
      "form_type": "",
      "style": "",
      "tags": []
    },
    {
      "text": "මට තේරෙනවා.",
      "note": "",
      "form_type": "",
      "style": "",
      "tags": []
    },
    {
      "text": "මම දන්නේ නැහැ.",
      "note": "",
      "form_type": "",
      "style": "",
      "tags": []
    },
    {
      "text": "කරුණාකර මට උදවු කරන්න.",
      "note": "",
      "form_type": "",
      "style": "",
      "tags": []
    },
    {
      "text": "කරුණාකර මොහොතක් රැඳී සිටින්න.",
      "note": "",
      "form_type": "",
      "style": "",
      "tags": []
    },
    {
      "text": "මෙය කීයද?",
      "note": "මිලදී ගැනීම්",
      "form_type": "",
      "style": "",
      "tags": []
    },
    {
      "text": "වැසිකිළිය කොහේද?",
      "note": "",
      "form_type": "",
      "style": "",
      "tags": []
    },
    {
      "text": "මට බඩගිනියි.",
      "note": "",
      "form_type": "",
      "style": "",
      "tags": []
    },
    {
      "text": "මට තිබහයි.",
      "note": "",
      "form_type": "",
      "style": "",
      "tags": []
    },
    {
      "text": "මෙය රසවත්.",
      "note": "",
      "form_type": "",
      "style": "",
      "tags": []
    },
    {
      "text": "මම මෙයට කැමතියි.",
      "note": "",
      "form_type": "",
      "style": "",
      "tags": []
    },
    {
      "text": "කමක් නැහැ / හොඳයි.",
      "note": "",
      "form_type": "",
      "style": "",
      "tags": []
    },
    {
      "text": "සුබ පැතුම්.",
      "note": "",
      "form_type": "",
      "style": "",
      "tags": []
    },
    {
      "text": "දැන් වේලාව කීයද?",
      "note": "",
      "form_type": "",
      "style": "",
      "tags": []
    },
    {
      "text": "අද කාලගුණය හොඳයි.",
      "note": "",
      "form_type": "",
      "style": "",
      "tags": []
    },
    {
      "text": "සීතලයි.",
      "note": "",
      "form_type": "",
      "style": "",
      "tags": []
    },
    {
      "text": "රස්නෙයි.",
      "note": "",
      "form_type": "",
      "style": "",
      "tags": []
    },
    {
      "text": "මට හරිම මහන්සියි.",
      "note": "",
      "form_type": "",
      "style": "",
      "tags": []
    },
    {
      "text": "මම සතුටින් ඉන්නේ.",
      "note": "",
      "form_type": "",
      "style": "",
      "tags": []
    },
    {
      "text": "සුබ පැතුම්.",
      "note": "",
      "form_type": "",
      "style": "",
      "tags": []
    },
    {
      "text": "සුබ උපන් දිනයක් වේවා.",
      "note": "",
      "form_type": "",
      "style": "",
      "tags": []
    },
    {
      "text": "සුබ දවසක්.",
      "note": "",
      "form_type": "",
      "style": "",
      "tags": []
    },
    {
      "text": "හෙට හමුවෙමු.",
      "note": "",
      "form_type": "",
      "style": "",
      "tags": []
    },
    {
      "text": "පරෙස්සමෙන් ඉන්න.",
      "note": "",
      "form_type": "",
      "style": "",
      "tags": []
    },
    {
      "text": "ඔබ ඉංග්‍රීසි කතා කරනවාද?",
      "note": "",
      "form_type": "",
      "style": "",
      "tags": []
    },
    {
      "text": "මම කොරියානු භාෂාව දන්නේ ටිකක් විතරයි.",
      "note": "",
      "form_type": "",
      "style": "",
      "tags": []
    },
    {
      "text": "කරුණාකර හෙමින් කතා කරන්න.",
      "note": "",
      "form_type": "",
      "style": "",
      "tags": []
    },
    {
      "text": "මෙයින් අදහස් කරන්නේ කුමක්ද?",
      "note": "",
      "form_type": "",
      "style": "",
      "tags": []
    },
    {
      "text": "මෙය කොරියානු භාෂාවෙන් පවසන්නේ කෙසේද?",
      "note": "",
      "form_type": "",
      "style": "",
      "tags": []
    },
    {
      "text": "මම ඔයාට ආදරෙයි.",
      "note": "",
      "form_type": "",
      "style": "",
      "tags": []
    },
    {
      "text": "කරුණාකර රැඳී සිටින්න.",
      "note": "",
      "form_type": "",
      "style": "",
      "tags": []
    },
    {
      "text": "සාදරයෙන් පිළිගන්නවා / කමක් නැහැ.",
      "note": "",
      "form_type": "",
      "style": "",
      "tags": []
    },
    {
      "text": "එපා, ස්තූතියි.",
      "note": "",
      "form_type": "",
      "style": "",
      "tags": []
    },
    {
      "text": "මට ප්‍රශ්නයක් තියෙනවා.",
      "note": "",
      "form_type": "",
      "style": "",
      "tags": []
    }
  ]
}