{
  "default_type": "word",
  "subject": "50 ప్రాథమిక నామవాచకాలు",
  "pos": "noun",
  "entries": [
    {
      "text": "నేను",
      "note": "",
      "tags": []
    },
    {
      "text": "మీరు / నువ్వు",
      "note": "",
      "tags": []
    },
    {
      "text": "ఇది",
      "note": "",
      "tags": []
    },
    {
      "text": "అది",
      "note": "",
      "tags": []
    },
    {
      "text": "ఎవరు",
      "note": "",
      "tags": []
    },
    {
      "text": "ఏమిటి",
      "note": "",
      "tags": []
    },
    {
      "text": "ఎక్కడ",
      "note": "",
      "tags": []
    },
    {
      "text": "ఎప్పుడు",
      "note": "",
      "tags": []
    },
    {
      "text": "ఎందుకు",
      "note": "",
      "tags": []
    },
    {
      "text": "ఎలా",
      "note": "",
      "tags": []
    },
    {
      "text": "ప్రజలు",
      "note": "",
      "tags": []
    },
    {
      "text": "స్నేహితుడు",
      "note": "",
      "tags": []
    },
    {
      "text": "కుటుంబం",
      "note": "",
      "tags": []
    },
    {
      "text": "పేరు",
      "note": "",
      "tags": []
    },
    {
      "text": "ఇల్లు",
      "note": "",
      "tags": []
    },
    {
      "text": "పాఠశాల",
      "note": "",
      "tags": []
    },
    {
      "text": "కంపెనీ",
      "note": "",
      "tags": []
    },
    {
      "text": "ఆసుపత్రి",
      "note": "",
      "tags": []
    },
    {
      "text": "మార్కెట్",
      "note": "",
      "tags": []
    },
    {
      "text": "రెస్టారెంట్",
      "note": "",
      "tags": []
    },
    {
      "text": "కాఫీ షాప్",
      "note": "",
      "tags": []
    },
    {
      "text": "టాయిలెట్",
      "note": "",
      "tags": []
    },
    {
      "text": "పుస్తకం",
      "note": "",
      "tags": []
    },
    {
      "text": "నీరు",
      "note": "",
      "tags": []
    },
    {
      "text": "ఆహారం",
      "note": "",
      "tags": []
    },
    {
      "text": "డబ్బు",
      "note": "",
      "tags": []
    },
    {
      "text": "బట్టలు",
      "note": "",
      "tags": []
    },
    {
      "text": "షూలు",
      "note": "",
      "tags": []
    },
    {
      "text": "బ్యాగ్",
      "note": "",
      "tags": []
    },
    {
      "text": "గడియారం",
      "note": "",
      "tags": []
    },
    {
      "text": "ఫోన్",
      "note": "",
      "tags": []
    },
    {
      "text": "కంప్యూటర్",
      "note": "",
      "tags": []
    },
    {
      "text": "కారు",
      "note": "",
      "tags": []
    },
    {
      "text": "చంద్రుడు",
      "note": "చందమామ",
      "tags": []
    },
    {
      "text": "నక్షత్రం",
      "note": "ఆకాశంలో",
      "tags": []
    },
    {
      "text": "సూర్యుడు",
      "note": "",
      "tags": []
    },
    {
      "text": "ఆకాశం",
      "note": "",
      "tags": []
    },
    {
      "text": "సముద్రం",
      "note": "",
      "tags": []
    },
    {
      "text": "పర్వతం",
      "note": "",
      "tags": []
    },
    {
      "text": "పువ్వు",
      "note": "",
      "tags": []
    },
    {
      "text": "చెట్టు",
      "note": "",
      "tags": []
    },
    {
      "text": "కుక్క",
      "note": "",
      "tags": []
    },
    {
      "text": "పిల్లి",
      "note": "",
      "tags": []
    },
    {
      "text": "ఈరోజు",
      "note": "",
      "tags": []
    },
    {
      "text": "రేపు",
      "note": "",
      "tags": []
    },
    {
      "text": "నిన్న",
      "note": "",
      "tags": []
    },
    {
      "text": "இப்போது (ఇప్పుడు)",
      "note": "",
      "tags": []
    },
    {
      "text": "సమయం",
      "note": "",
      "tags": []
    },
    {
      "text": "పగలు",
      "note": "",
      "tags": []
    },
    {
      "text": "రాత్రి",
      "note": "",
      "tags": []
    }
  ]
}