{
  "default_type": "word",
  "subject": "মৌলিক ক্ৰিয়া ১০০",
  "pos": "verb",
  "entries": [
    {
      "text": "যাবলৈ",
      "note": "",
      "tags": []
    },
    {
      "text": "আহিবলৈ",
      "note": "",
      "tags": []
    },
    {
      "text": "খাবলৈ",
      "note": "",
      "tags": []
    },
    {
      "text": "পান কৰিবলৈ",
      "note": "",
      "tags": []
    },
    {
      "text": "শুবলৈ",
      "note": "",
      "tags": []
    },
    {
      "text": "চাবলৈ",
      "note": "",
      "tags": []
    },
    {
      "text": "কিনিবলৈ",
      "note": "",
      "tags": []
    },
    {
      "text": "বিক্ৰী কৰিবলৈ",
      "note": "",
      "tags": []
    },
    {
      "text": "পঢ়িবলৈ",
      "note": "",
      "tags": []
    },
    {
      "text": "লিখিবলৈ",
      "note": "Writing",
      "tags": []
    },
    {
      "text": "শুনিবলৈ",
      "note": "",
      "tags": []
    },
    {
      "text": "কথা পাতিবলৈ",
      "note": "",
      "tags": []
    },
    {
      "text": "কৰিবলৈ",
      "note": "",
      "tags": []
    },
    {
      "text": "কাম কৰিবলৈ",
      "note": "",
      "tags": []
    },
    {
      "text": "অধ্যয়ন কৰিবলৈ",
      "note": "",
      "tags": []
    },
    {
      "text": "শিকাবলৈ",
      "note": "",
      "tags": []
    },
    {
      "text": "শিকা",
      "note": "",
      "tags": []
    },
    {
      "text": "অপেক্ষা কৰিবলৈ",
      "note": "",
      "tags": []
    },
    {
      "text": "লগ পাবলৈ",
      "note": "",
      "tags": []
    },
    {
      "text": "ভাল পাবলৈ",
      "note": "",
      "tags": []
    },
    {
      "text": "ভাল লাগিবলৈ",
      "note": "",
      "tags": []
    },
    {
      "text": "বেয়া পাবলৈ",
      "note": "",
      "tags": []
    },
    {
      "text": "হাঁহিবলৈ",
      "note": "",
      "tags": []
    },
    {
      "text": "কান্দিবলৈ",
      "note": "",
      "tags": []
    },
    {
      "text": "খোজ কাঢ়িবলৈ",
      "note": "",
      "tags": []
    },
    {
      "text": "দৌৰিবলৈ",
      "note": "Running",
      "tags": []
    },
    {
      "text": "বহিবলৈ",
      "note": "",
      "tags": []
    },
    {
      "text": "থিয় হ'বলৈ",
      "note": "",
      "tags": []
    },
    {
      "text": "দিবলৈ",
      "note": "",
      "tags": []
    },
    {
      "text": "গ্ৰহণ কৰিবলৈ",
      "note": "",
      "tags": []
    },
    {
      "text": "খুলিবলৈ",
      "note": "",
      "tags": []
    },
    {
      "text": "বন্ধ কৰিবলৈ",
      "note": "",
      "tags": []
    },
    {
      "text": "ভাবিবলৈ",
      "note": "",
      "tags": []
    },
    {
      "text": "জানিবলৈ",
      "note": "",
      "tags": []
    },
    {
      "text": "নাজানিবলৈ",
      "note": "",
      "tags": []
    },
    {
      "text": "বিচাৰি উলিয়াবলৈ",
      "note": "",
      "tags": []
    },
    {
      "text": "হেৰুৱাবলৈ",
      "note": "",
      "tags": []
    },
    {
      "text": " সহায় কৰিবলৈ",
      "note": "",
      "tags": []
    },
    {
      "text": "ধুবলৈ",
      "note": "",
      "tags": []
    },
    {
      "text": "ৰান্ধিবলৈ",
      "note": "",
      "tags": []
    },
    {
      "text": "গান গাবলৈ",
      "note": "",
      "tags": []
    },
    {
      "text": "নাচিবলৈ",
      "note": "",
      "tags": []
    },
    {
      "text": "ব্যৱহাৰ কৰিবলৈ",
      "note": "",
      "tags": []
    },
    {
      "text": "বনাবলৈ",
      "note": "",
      "tags": []
    },
    {
      "text": "মাতিবলৈ",
      "note": "Song / Name",
      "tags": []
    },
    {
      "text": "ধৰিবলৈ / ৰাখিবলৈ",
      "note": "",
      "tags": []
    },
    {
      "text": "থবলৈ / এৰি থৈ যাবলৈ",
      "note": "",
      "tags": []
    },
    {
      "text": "সোমাবলৈ",
      "note": "",
      "tags": []
    },
    {
      "text": "ওলাবলৈ",
      "note": "",
      "tags": []
    },
    {
      "text": "উঠিবলৈ",
      "note": "Boarding",
      "tags": []
    },
    {
      "text": "নামিবলৈ",
      "note": "Alighting",
      "tags": []
    },
    {
      "text": "পঠিয়াবলৈ",
      "note": "",
      "tags": []
    },
    {
      "text": "জমা দিবলৈ",
      "note": "Submission",
      "tags": []
    },
    {
      "text": "মিলিজুলি চলিবলৈ",
      "note": "Greetings",
      "tags": []
    },
    {
      "text": "আৰম্ভ কৰিবলৈ",
      "note": "",
      "tags": []
    },
    {
      "text": "শেষ কৰিবলৈ",
      "note": "",
      "tags": []
    },
    {
      "text": "বিশ্রাম ল'বলৈ",
      "note": "Relax",
      "tags": []
    },
    {
      "text": "সুধিবলৈ",
      "note": "Question",
      "tags": []
    },
    {
      "text": "উত্তৰ দিবলৈ",
      "note": "",
      "tags": []
    },
    {
      "text": "প্ৰতিশ্ৰুতি দিবলৈ",
      "note": "",
      "tags": []
    },
    {
      "text": "চিন্তা কৰিবলৈ",
      "note": "",
      "tags": []
    },
    {
      "text": "বিশ্বাস কৰিবলৈ",
      "note": "",
      "tags": []
    },
    {
      "text": "সন্দেহ কৰিবলৈ",
      "note": "",
      "tags": []
    },
    {
      "text": "ইচ্ছা / আশা কৰিবলৈ",
      "note": "Hope",
      "tags": []
    },
    {
      "text": "সপোন দেখিবলৈ",
      "note": "",
      "tags": []
    },
    {
      "text": "যুদ্ধ কৰিবলৈ",
      "note": "",
      "tags": []
    },
    {
      "text": "জিকিবলৈ",
      "note": "",
      "tags": []
    },
    {
      "text": "হাৰিবলৈ",
      "note": "Defeat",
      "tags": []
    },
    {
      "text": "ডাঙৰ হ'বলৈ",
      "note": "Growth",
      "tags": []
    },
    {
      "text": "জীয়াই থাকিবলৈ",
      "note": "",
      "tags": []
    },
    {
      "text": "মৰিবলৈ",
      "note": "",
      "tags": []
    },
    {
      "text": "তুলি ল'বলৈ",
      "note": "",
      "tags": []
    },
    {
      "text": "দলিয়াই পেলাবলৈ",
      "note": "",
      "tags": []
    },
    {
      "text": "লুকুৱাবলৈ",
      "note": "",
      "tags": []
    },
    {
      "text": "বিচাৰিবলৈ",
      "note": "",
      "tags": []
    },
    {
      "text": "বাছি উলিয়াবলৈ",
      "note": "",
      "tags": []
    },
    {
      "text": "সলনি কৰিবলৈ",
      "note": "",
      "tags": []
    },
    {
      "text": "অৰ্ডাৰ কৰিবলৈ",
      "note": "Buying items",
      "tags": []
    },
    {
      "text": "প্ৰস্তুত কৰিবলৈ",
      "note": "",
      "tags": []
    },
    {
      "text": "ধৰিবলৈ",
      "note": "",
      "tags": []
    },
    {
      "text": "দলিয়াবলৈ",
      "note": "",
      "tags": []
    },
    {
      "text": "টানিবলৈ",
      "note": "",
      "tags": []
    },
    {
      "text": "ঠেলিবলৈ",
      "note": "",
      "tags": []
    },
    {
      "text": "ঠিক কৰিবলৈ / মেৰামতি কৰিবলৈ",
      "note": "Repair",
      "tags": []
    },
    {
      "text": "ভাঙিবলৈ",
      "note": "",
      "tags": []
    },
    {
      "text": "বেমাৰ / আঘাত পাবলৈ",
      "note": "",
      "tags": []
    },
    {
      "text": "চিকিৎসা / আৰোগ্য কৰিবলৈ",
      "note": "",
      "tags": []
    },
    {
      "text": "শারীৰিক ব্যায়াম কৰিবলৈ",
      "note": "",
      "tags": []
    },
    {
      "text": "সাঁতোৰিবলৈ",
      "note": "",
      "tags": []
    },
    {
      "text": "ভ্রমণ কৰিবলৈ",
      "note": "",
      "tags": []
    },
    {
      "text": "গাড়ী চলাবলৈ",
      "note": "",
      "tags": []
    },
    {
      "text": "পৰিষ্কাৰ কৰিবলৈ",
      "note": "",
      "tags": []
    },
    {
      "text": "বাচন ধুবলৈ",
      "note": "",
      "tags": []
    },
    {
      "text": "কাপোৰ ধুবলৈ",
      "note": "",
      "tags": []
    },
    {
      "text": "গা ধুবলৈ",
      "note": "",
      "tags": []
    },
    {
      "text": "দাঁত মাজিবলৈ",
      "note": "",
      "tags": []
    },
    {
      "text": "সাৰ পাবলৈ",
      "note": "Wake up",
      "tags": []
    },
    {
      "text": "বিচনালৈ যাবলৈ",
      "note": "Sleeping",
      "tags": []
    },
    {
      "text": "বুজিবলৈ",
      "note": "",
      "tags": []
    },
    {
      "text": "মনত ৰাখিবলৈ",
      "note": "",
      "tags": []
    }
  ]
}