{
  "default_type": "sentence",
  "subject": "Izinkulumo Ezisisekelo Nemisho Yansuku Zonke 50",
  "entries": [
    {
      "text": "Sawubona.",
      "note": "Isibingelelo esihle",
      "form_type": "",
      "style": "",
      "tags": []
    },
    {
      "text": "Ngiyajabula ukukwazisa.",
      "note": "Ukuhlangana kokuqala",
      "form_type": "",
      "style": "",
      "tags": []
    },
    {
      "text": "Kade sagcinana.",
      "note": "Ukuhlangana futhi",
      "form_type": "",
      "style": "",
      "tags": []
    },
    {
      "text": "Ngiyabonga kakhulu.",
      "note": "Okuhlelekile",
      "form_type": "",
      "style": "",
      "tags": []
    },
    {
      "text": "Ngiyaxolisa.",
      "note": "Okuhlelekile",
      "form_type": "",
      "style": "",
      "tags": []
    },
    {
      "text": "Uxolo.",
      "note": "Ukubiza ukunaka",
      "form_type": "",
      "style": "",
      "tags": []
    },
    {
      "text": "Unjani?",
      "note": "Isibingelelo",
      "form_type": "",
      "style": "",
      "tags": []
    },
    {
      "text": "Ngikhona, ngiyabonga.",
      "note": "",
      "form_type": "",
      "style": "",
      "tags": []
    },
    {
      "text": "Ubani igama lakho?",
      "note": "",
      "form_type": "",
      "style": "",
      "tags": []
    },
    {
      "text": "Igama lami ngingu ...",
      "note": "",
      "form_type": "",
      "style": "",
      "tags": []
    },
    {
      "text": "Umuphi?",
      "note": "",
      "form_type": "",
      "style": "",
      "tags": []
    },
    {
      "text": "Ngingowase-Amerika.",
      "note": "",
      "form_type": "",
      "style": "",
      "tags": []
    },
    {
      "text": "Hamba kahle.",
      "note": "Kuhanjwa ngubani",
      "form_type": "",
      "style": "",
      "tags": []
    },
    {
      "text": "Sala kahle.",
      "note": "Kusalwa ngubani",
      "form_type": "",
      "style": "",
      "tags": []
    },
    {
      "text": "Yebo.",
      "note": "Yebo",
      "form_type": "",
      "style": "",
      "tags": []
    },
    {
      "text": "Cha.",
      "note": "Cha",
      "form_type": "",
      "style": "",
      "tags": []
    },
    {
      "text": "Mhlawumbe.",
      "note": "Ukuqagela",
      "form_type": "",
      "style": "",
      "tags": []
    },
    {
      "text": "Ngiyazwa.",
      "note": "",
      "form_type": "",
      "style": "",
      "tags": []
    },
    {
      "text": "Angazi.",
      "note": "",
      "form_type": "",
      "style": "",
      "tags": []
    },
    {
      "text": "Ngicela ungisize.",
      "note": "",
      "form_type": "",
      "style": "",
      "tags": []
    },
    {
      "text": "Ngicela ulinde kancane.",
      "note": "",
      "form_type": "",
      "style": "",
      "tags": []
    },
    {
      "text": "Kubiza malini lokhu?",
      "note": "Ukuthenga",
      "form_type": "",
      "style": "",
      "tags": []
    },
    {
      "text": "Iphi indlu yangasese?",
      "note": "",
      "form_type": "",
      "style": "",
      "tags": []
    },
    {
      "text": "Ngilambile.",
      "note": "",
      "form_type": "",
      "style": "",
      "tags": []
    },
    {
      "text": "Ngomele.",
      "note": "",
      "form_type": "",
      "style": "",
      "tags": []
    },
    {
      "text": "Kumnandi lokhu.",
      "note": "",
      "form_type": "",
      "style": "",
      "tags": []
    },
    {
      "text": "Ngiyakuthanda lokhu.",
      "note": "",
      "form_type": "",
      "style": "",
      "tags": []
    },
    {
      "text": "Kulungile / Akunankinga.",
      "note": "",
      "form_type": "",
      "style": "",
      "tags": []
    },
    {
      "text": "Ngikufisela inhlanhla.",
      "note": "",
      "form_type": "",
      "style": "",
      "tags": []
    },
    {
      "text": "Ubani isikhathi manje?",
      "note": "",
      "form_type": "",
      "style": "",
      "tags": []
    },
    {
      "text": "Izulu lihle namuhla.",
      "note": "",
      "form_type": "",
      "style": "",
      "tags": []
    },
    {
      "text": "Kuyabanda.",
      "note": "",
      "form_type": "",
      "style": "",
      "tags": []
    },
    {
      "text": "Kushisa.",
      "note": "",
      "form_type": "",
      "style": "",
      "tags": []
    },
    {
      "text": "Ngikhathele.",
      "note": "",
      "form_type": "",
      "style": "",
      "tags": []
    },
    {
      "text": "Ngijabulile.",
      "note": "",
      "form_type": "",
      "style": "",
      "tags": []
    },
    {
      "text": "Siyakuhalalisela.",
      "note": "",
      "form_type": "",
      "style": "",
      "tags": []
    },
    {
      "text": "Usuku lokuzalwa oluhle.",
      "note": "",
      "form_type": "",
      "style": "",
      "tags": []
    },
    {
      "text": "Ube nosuku oluhle.",
      "note": "",
      "form_type": "",
      "style": "",
      "tags": []
    },
    {
      "text": "Sizobonana kusasa.",
      "note": "",
      "form_type": "",
      "style": "",
      "tags": []
    },
    {
      "text": "Uzinakekele.",
      "note": "",
      "form_type": "",
      "style": "",
      "tags": []
    },
    {
      "text": "Ingabe uyasikhuluma isiNgisi?",
      "note": "",
      "form_type": "",
      "style": "",
      "tags": []
    },
    {
      "text": "Ngikhuluma isiKorean kancane nje.",
      "note": "",
      "form_type": "",
      "style": "",
      "tags": []
    },
    {
      "text": "Ngicela ukhulume kancane.",
      "note": "",
      "form_type": "",
      "style": "",
      "tags": []
    },
    {
      "text": "Kusho ukuthini lokhu?",
      "note": "",
      "form_type": "",
      "style": "",
      "tags": []
    },
    {
      "text": "Kubizwani lokhu ngesiKorean?",
      "note": "",
      "form_type": "",
      "style": "",
      "tags": []
    },
    {
      "text": "Ngiyakuthanda.",
      "note": "",
      "form_type": "",
      "style": "",
      "tags": []
    },
    {
      "text": "Ngicela ulinde.",
      "note": "",
      "form_type": "",
      "style": "",
      "tags": []
    },
    {
      "text": "Wamukelekile / Kulungile.",
      "note": "",
      "form_type": "",
      "style": "",
      "tags": []
    },
    {
      "text": "Cha, ngiyabonga.",
      "note": "",
      "form_type": "",
      "style": "",
      "tags": []
    },
    {
      "text": "Nginombuzo.",
      "note": "",
      "form_type": "",
      "style": "",
      "tags": []
    }
  ]
}