{
  "default_type": "word",
  "subject": "Основні іменники 50",
  "pos": "noun",
  "entries": [
    {
      "text": "Людина",
      "note": "",
      "tags": []
    },
    {
      "text": "Вода",
      "note": "Питна вода",
      "tags": []
    },
    {
      "text": "Їжа / Рис",
      "note": "Їжа",
      "tags": []
    },
    {
      "text": "Хліб",
      "note": "",
      "tags": []
    },
    {
      "text": "Яблуко",
      "note": "Фрукт",
      "tags": []
    },
    {
      "text": "Молоко",
      "note": "",
      "tags": []
    },
    {
      "text": "М'ясо",
      "note": "",
      "tags": []
    },
    {
      "text": "Одяг",
      "note": "",
      "tags": []
    },
    {
      "text": "Будинок",
      "note": "Житло",
      "tags": []
    },
    {
      "text": "Кімната",
      "note": "",
      "tags": []
    },
    {
      "text": "Вікно",
      "note": "",
      "tags": []
    },
    {
      "text": "Двері",
      "note": "Вхід",
      "tags": []
    },
    {
      "text": "Письмовий стіл",
      "note": "",
      "tags": []
    },
    {
      "text": "Стілець",
      "note": "",
      "tags": []
    },
    {
      "text": "Комп'ютер",
      "note": "",
      "tags": []
    },
    {
      "text": "Телефон",
      "note": "",
      "tags": []
    },
    {
      "text": "Книга",
      "note": "Книга",
      "tags": []
    },
    {
      "text": "Олівець",
      "note": "",
      "tags": []
    },
    {
      "text": "Папір",
      "note": "",
      "tags": []
    },
    {
      "text": "Сумка",
      "note": "",
      "tags": []
    },
    {
      "text": "Школа",
      "note": "",
      "tags": []
    },
    {
      "text": "Компанія",
      "note": "",
      "tags": []
    },
    {
      "text": "Лікарня",
      "note": "",
      "tags": []
    },
    {
      "text": "Аптека",
      "note": "",
      "tags": []
    },
    {
      "text": "Ресторан",
      "note": "",
      "tags": []
    },
    {
      "text": "Ринок",
      "note": "Ринок",
      "tags": []
    },
    {
      "text": "Метро",
      "note": "",
      "tags": []
    },
    {
      "text": "Автобус",
      "note": "",
      "tags": []
    },
    {
      "text": "Таксі",
      "note": "",
      "tags": []
    },
    {
      "text": "Літак",
      "note": "",
      "tags": []
    },
    {
      "text": "Потяг",
      "note": "",
      "tags": []
    },
    {
      "text": "Велосипед",
      "note": "",
      "tags": []
    },
    {
      "text": "Дорога",
      "note": "Траса",
      "tags": []
    },
    {
      "text": "Гора",
      "note": "",
      "tags": []
    },
    {
      "text": "Море",
      "note": "",
      "tags": []
    },
    {
      "text": "Річка",
      "note": "",
      "tags": []
    },
    {
      "text": "Небо",
      "note": "",
      "tags": []
    },
    {
      "text": "Сонце / Рік",
      "note": "Сонце / Рік",
      "tags": []
    },
    {
      "text": "Місяць",
      "note": "Супутник",
      "tags": []
    },
    {
      "text": "Зірка",
      "note": "Небесне тіло",
      "tags": []
    },
    {
      "text": "Дерево",
      "note": "",
      "tags": []
    },
    {
      "text": "Квітка",
      "note": "",
      "tags": []
    },
    {
      "text": "Цуценя",
      "note": "",
      "tags": []
    },
    {
      "text": "Кішка",
      "note": "",
      "tags": []
    },
    {
      "text": "Гроші",
      "note": "Готівка",
      "tags": []
    },
    {
      "text": "Час",
      "note": "",
      "tags": []
    },
    {
      "text": "Сьогодні",
      "note": "",
      "tags": []
    },
    {
      "text": "Завтра",
      "note": "",
      "tags": []
    },
    {
      "text": "Вчора",
      "note": "",
      "tags": []
    },
    {
      "text": "Друг",
      "note": "",
      "tags": []
    }
  ]
}