{
  "default_type": "word",
  "subject": "Əsas İsimlər 50",
  "pos": "noun",
  "entries": [
    {
      "text": "Şəxs",
      "note": "",
      "tags": []
    },
    {
      "text": "Su",
      "note": "İçməli su",
      "tags": []
    },
    {
      "text": "Düyü / Yemək",
      "note": "Yemək",
      "tags": []
    },
    {
      "text": "Çörək",
      "note": "",
      "tags": []
    },
    {
      "text": "Alma",
      "note": "Meyvə",
      "tags": []
    },
    {
      "text": "Süd",
      "note": "",
      "tags": []
    },
    {
      "text": "Ət",
      "note": "",
      "tags": []
    },
    {
      "text": "Geyim",
      "note": "",
      "tags": []
    },
    {
      "text": "Ev",
      "note": "Mənzil",
      "tags": []
    },
    {
      "text": "Otaq",
      "note": "",
      "tags": []
    },
    {
      "text": "Pəncərə",
      "note": "",
      "tags": []
    },
    {
      "text": "Qapı",
      "note": "Giriş",
      "tags": []
    },
    {
      "text": "Masa",
      "note": "",
      "tags": []
    },
    {
      "text": "Oturacaq",
      "note": "",
      "tags": []
    },
    {
      "text": "Kompüter",
      "note": "",
      "tags": []
    },
    {
      "text": "Telefon",
      "note": "",
      "tags": []
    },
    {
      "text": "Kitab",
      "note": "Kitabxana",
      "tags": []
    },
    {
      "text": "Qələm",
      "note": "",
      "tags": []
    },
    {
      "text": "Kağız",
      "note": "",
      "tags": []
    },
    {
      "text": "Çanta",
      "note": "",
      "tags": []
    },
    {
      "text": "Məktəb",
      "note": "",
      "tags": []
    },
    {
      "text": "Şirkət",
      "note": "",
      "tags": []
    },
    {
      "text": "Xəstəxana",
      "note": "",
      "tags": []
    },
    {
      "text": "Aptek",
      "note": "",
      "tags": []
    },
    {
      "text": "Restoran",
      "note": "",
      "tags": []
    },
    {
      "text": "Bazar",
      "note": "Marketplace",
      "tags": []
    },
    {
      "text": "Metro",
      "note": "",
      "tags": []
    },
    {
      "text": "Avtobus",
      "note": "",
      "tags": []
    },
    {
      "text": "Taksi",
      "note": "",
      "tags": []
    },
    {
      "text": "Təyyarə",
      "note": "",
      "tags": []
    },
    {
      "text": "Qatar",
      "note": "",
      "tags": []
    },
    {
      "text": "Velosiped",
      "note": "",
      "tags": []
    },
    {
      "text": "Yol",
      "note": "Yol",
      "tags": []
    },
    {
      "text": "Dağ",
      "note": "",
      "tags": []
    },
    {
      "text": "Dəniz",
      "note": "",
      "tags": []
    },
    {
      "text": "Çay",
      "note": "",
      "tags": []
    },
    {
      "text": "Səma",
      "note": "",
      "tags": []
    },
    {
      "text": "Günəş / İl",
      "note": "Günəş / İl",
      "tags": []
    },
    {
      "text": "Ay",
      "note": "Peyk",
      "tags": []
    },
    {
      "text": "Ulduz",
      "note": "Səmavi Cisim",
      "tags": []
    },
    {
      "text": "Ağac",
      "note": "",
      "tags": []
    },
    {
      "text": "Gül",
      "note": "",
      "tags": []
    },
    {
      "text": "Köpək balası",
      "note": "",
      "tags": []
    },
    {
      "text": "Pişik",
      "note": "",
      "tags": []
    },
    {
      "text": "Pul",
      "note": "Nəğd",
      "tags": []
    },
    {
      "text": "Vaxt",
      "note": "",
      "tags": []
    },
    {
      "text": "Bu gün",
      "note": "",
      "tags": []
    },
    {
      "text": "Sabah",
      "note": "",
      "tags": []
    },
    {
      "text": "Dünən",
      "note": "",
      "tags": []
    },
    {
      "text": "Dost",
      "note": "",
      "tags": []
    }
  ]
}