{
  "default_type": "word",
  "subject": "Հիմնական Բայեր 100",
  "pos": "verb",
  "entries": [
    {
      "text": "Գնալ",
      "note": "",
      "tags": []
    },
    {
      "text": "Գալ",
      "note": "",
      "tags": []
    },
    {
      "text": "Ուտել",
      "note": "",
      "tags": []
    },
    {
      "text": "Խմել",
      "note": "",
      "tags": []
    },
    {
      "text": "Քնել",
      "note": "",
      "tags": []
    },
    {
      "text": "Տեսնել",
      "note": "",
      "tags": []
    },
    {
      "text": "Գնել",
      "note": "",
      "tags": []
    },
    {
      "text": "Վաճառել",
      "note": "",
      "tags": []
    },
    {
      "text": "Կարդալ",
      "note": "",
      "tags": []
    },
    {
      "text": "Գրել",
      "note": "Writing",
      "tags": []
    },
    {
      "text": "Լսել",
      "note": "",
      "tags": []
    },
    {
      "text": "Խոսել",
      "note": "",
      "tags": []
    },
    {
      "text": "Անել",
      "note": "",
      "tags": []
    },
    {
      "text": "Աշխատել",
      "note": "",
      "tags": []
    },
    {
      "text": "Սովորել",
      "note": "",
      "tags": []
    },
    {
      "text": "Սովորեցնել",
      "note": "",
      "tags": []
    },
    {
      "text": "Իմանալ",
      "note": "",
      "tags": []
    },
    {
      "text": "Սպասել",
      "note": "",
      "tags": []
    },
    {
      "text": "Հանդիպել",
      "note": "",
      "tags": []
    },
    {
      "text": "Սիրել",
      "note": "",
      "tags": []
    },
    {
      "text": "Հավանել",
      "note": "",
      "tags": []
    },
    {
      "text": "Չսիրել",
      "note": "",
      "tags": []
    },
    {
      "text": "Ծիծաղել",
      "note": "",
      "tags": []
    },
    {
      "text": "Լացել",
      "note": "",
      "tags": []
    },
    {
      "text": "Քայլել",
      "note": "",
      "tags": []
    },
    {
      "text": "Վազել",
      "note": "Running",
      "tags": []
    },
    {
      "text": "Նստել",
      "note": "",
      "tags": []
    },
    {
      "text": "Կանգնել",
      "note": "",
      "tags": []
    },
    {
      "text": "Տալ",
      "note": "",
      "tags": []
    },
    {
      "text": "Ստանալ",
      "note": "",
      "tags": []
    },
    {
      "text": "Բացել",
      "note": "",
      "tags": []
    },
    {
      "text": "Փակել",
      "note": "",
      "tags": []
    },
    {
      "text": "Մտածել",
      "note": "",
      "tags": []
    },
    {
      "text": "Իմանալ",
      "note": "",
      "tags": []
    },
    {
      "text": "Չիմանալ",
      "note": "",
      "tags": []
    },
    {
      "text": "Գտնել",
      "note": "",
      "tags": []
    },
    {
      "text": "Կորցնել",
      "note": "",
      "tags": []
    },
    {
      "text": "Օգնել",
      "note": "",
      "tags": []
    },
    {
      "text": "Լվանալ",
      "note": "",
      "tags": []
    },
    {
      "text": "Եփել",
      "note": "",
      "tags": []
    },
    {
      "text": "Երգել",
      "note": "",
      "tags": []
    },
    {
      "text": "Պարել",
      "note": "",
      "tags": []
    },
    {
      "text": "Օգտագործել",
      "note": "",
      "tags": []
    },
    {
      "text": "Պատրաստել",
      "note": "",
      "tags": []
    },
    {
      "text": "Կանչել",
      "note": "Song / Name",
      "tags": []
    },
    {
      "text": "Բռնել / պահել",
      "note": "",
      "tags": []
    },
    {
      "text": "Դնել / թողնել",
      "note": "",
      "tags": []
    },
    {
      "text": "Մտնել",
      "note": "",
      "tags": []
    },
    {
      "text": "Դուրս գալ",
      "note": "",
      "tags": []
    },
    {
      "text": "Նստել (փոխադրամիջոց)",
      "note": "Boarding",
      "tags": []
    },
    {
      "text": "Իջնել (փոխադրամիջոց)",
      "note": "Alighting",
      "tags": []
    },
    {
      "text": "Ուղարկել",
      "note": "",
      "tags": []
    },
    {
      "text": "Ներկայացնել",
      "note": "Submission",
      "tags": []
    },
    {
      "text": "Հաշտվել",
      "note": "Greetings",
      "tags": []
    },
    {
      "text": "Սկսել",
      "note": "",
      "tags": []
    },
    {
      "text": "Ավարտել",
      "note": "",
      "tags": []
    },
    {
      "text": "Հանգստանալ",
      "note": "Relax",
      "tags": []
    },
    {
      "text": "Հարցնել",
      "note": "Question",
      "tags": []
    },
    {
      "text": "Պատասխանել",
      "note": "",
      "tags": []
    },
    {
      "text": "Խոստանալ",
      "note": "",
      "tags": []
    },
    {
      "text": "Անհանգստանալ",
      "note": "",
      "tags": []
    },
    {
      "text": "Հավատալ",
      "note": "",
      "tags": []
    },
    {
      "text": "Կասկածել",
      "note": "",
      "tags": []
    },
    {
      "text": "Երազել / Հուսալ",
      "note": "Hope",
      "tags": []
    },
    {
      "text": "Երազել",
      "note": "",
      "tags": []
    },
    {
      "text": "Կռվել",
      "note": "",
      "tags": []
    },
    {
      "text": "Հաղթել",
      "note": "",
      "tags": []
    },
    {
      "text": "Պարտվել",
      "note": "Defeat",
      "tags": []
    },
    {
      "text": "Աճել",
      "note": "Growth",
      "tags": []
    },
    {
      "text": "Ապրել",
      "note": "",
      "tags": []
    },
    {
      "text": "Մեռնել",
      "note": "",
      "tags": []
    },
    {
      "text": "Վերցնել",
      "note": "",
      "tags": []
    },
    {
      "text": "Դեն նետել",
      "note": "",
      "tags": []
    },
    {
      "text": "Թաքցնել",
      "note": "",
      "tags": []
    },
    {
      "text": "Փնտրել",
      "note": "",
      "tags": []
    },
    {
      "text": "Ընտրել",
      "note": "",
      "tags": []
    },
    {
      "text": "Փոխել",
      "note": "",
      "tags": []
    },
    {
      "text": "Պատվիրել",
      "note": "Buying items",
      "tags": []
    },
    {
      "text": "Պատրաստել",
      "note": "",
      "tags": []
    },
    {
      "text": "Բռնել",
      "note": "",
      "tags": []
    },
    {
      "text": "Նետել",
      "note": "",
      "tags": []
    },
    {
      "text": "Քաշել",
      "note": "",
      "tags": []
    },
    {
      "text": "Հրել",
      "note": "",
      "tags": []
    },
    {
      "text": "Վերանորոգել",
      "note": "Repair",
      "tags": []
    },
    {
      "text": "Կոտրել",
      "note": "",
      "tags": []
    },
    {
      "text": "Հիվանդանալ / վնասվել",
      "note": "",
      "tags": []
    },
    {
      "text": "Բուժել",
      "note": "",
      "tags": []
    },
    {
      "text": "Մարզվել",
      "note": "",
      "tags": []
    },
    {
      "text": "Լողալ",
      "note": "",
      "tags": []
    },
    {
      "text": "Ճանապարհորդել",
      "note": "",
      "tags": []
    },
    {
      "text": "Վարել",
      "note": "",
      "tags": []
    },
    {
      "text": "Մաքրել",
      "note": "",
      "tags": []
    },
    {
      "text": "Աման լվանալ",
      "note": "",
      "tags": []
    },
    {
      "text": "Լվացք անել",
      "note": "",
      "tags": []
    },
    {
      "text": "Ցնցուղ ընդունել",
      "note": "",
      "tags": []
    },
    {
      "text": "Ատամները մաքրել",
      "note": "",
      "tags": []
    },
    {
      "text": "Արթնանալ",
      "note": "Wake up",
      "tags": []
    },
    {
      "text": "Քնել",
      "note": "Sleeping",
      "tags": []
    },
    {
      "text": "Հասկանալ",
      "note": "",
      "tags": []
    },
    {
      "text": "Հիշել",
      "note": "",
      "tags": []
    }
  ]
}