{
  "default_type": "sentence",
  "subject": "সাধাৰণ সম্ভাষণ আৰু দৈনন্দিন বাক্য ৫০",
  "entries": [
    {
      "text": "নমস্কাৰ।",
      "note": "Polite greeting",
      "form_type": "",
      "style": "",
      "tags": []
    },
    {
      "text": "আপোনাক লগ পাই ভাল লাগিল।",
      "note": "First meeting",
      "form_type": "",
      "style": "",
      "tags": []
    },
    {
      "text": "বহুত দিনৰ মূৰত দেখা পালোঁ।",
      "note": "Reunion",
      "form_type": "",
      "style": "",
      "tags": []
    },
    {
      "text": "ধন্যবাদ।",
      "note": "Formal",
      "form_type": "",
      "style": "",
      "tags": []
    },
    {
      "text": "মই দুখিত।",
      "note": "Formal",
      "form_type": "",
      "style": "",
      "tags": []
    },
    {
      "text": " মোক মাফ কৰিব।",
      "note": "Attention",
      "form_type": "",
      "style": "",
      "tags": []
    },
    {
      "text": "আপুনি কেনে আছে?",
      "note": "Greetings",
      "form_type": "",
      "style": "",
      "tags": []
    },
    {
      "text": "মই ভালে আছোঁ, ধন্যবাদ।",
      "note": "",
      "form_type": "",
      "style": "",
      "tags": []
    },
    {
      "text": "আপোনাৰ নাম কি?",
      "note": "",
      "form_type": "",
      "style": "",
      "tags": []
    },
    {
      "text": "মোৰ নাম ...",
      "note": "",
      "form_type": "",
      "style": "",
      "tags": []
    },
    {
      "text": "আপুনি ক’ৰ পৰা আহিছে?",
      "note": "",
      "form_type": "",
      "style": "",
      "tags": []
    },
    {
      "text": "মই আমেৰিকাৰ পৰা আহিছোঁ।",
      "note": "",
      "form_type": "",
      "style": "",
      "tags": []
    },
    {
      "text": "বিদায়।",
      "note": "To someone leaving",
      "form_type": "",
      "style": "",
      "tags": []
    },
    {
      "text": "বিদায়।",
      "note": "To someone staying",
      "form_type": "",
      "style": "",
      "tags": []
    },
    {
      "text": "হয়।",
      "note": "Positive",
      "form_type": "",
      "style": "",
      "tags": []
    },
    {
      "text": "নহয়।",
      "note": "Negative",
      "form_type": "",
      "style": "",
      "tags": []
    },
    {
      "text": "হয়তো।",
      "note": "Guess",
      "form_type": "",
      "style": "",
      "tags": []
    },
    {
      "text": "মই বুজি পাইছোঁ।",
      "note": "",
      "form_type": "",
      "style": "",
      "tags": []
    },
    {
      "text": "মই নাজানো।",
      "note": "",
      "form_type": "",
      "style": "",
      "tags": []
    },
    {
      "text": "অনুগ্রহ কৰি মোক সহায় কৰক।",
      "note": "",
      "form_type": "",
      "style": "",
      "tags": []
    },
    {
      "text": "অনুগ্রহ কৰি অলপ সময় ৰ'ব।",
      "note": "",
      "form_type": "",
      "style": "",
      "tags": []
    },
    {
      "text": "ইয়াৰ দাম কিমান?",
      "note": "Shopping",
      "form_type": "",
      "style": "",
      "tags": []
    },
    {
      "text": "বাথৰুম ক'ত আছে?",
      "note": "",
      "form_type": "",
      "style": "",
      "tags": []
    },
    {
      "text": "মোৰ ভোক লাগিছে।",
      "note": "",
      "form_type": "",
      "style": "",
      "tags": []
    },
    {
      "text": "মোৰ পিয়াহ লাগিছে।",
      "note": "",
      "form_type": "",
      "style": "",
      "tags": []
    },
    {
      "text": "এইটো সুস্বাদু।",
      "note": "",
      "form_type": "",
      "style": "",
      "tags": []
    },
    {
      "text": "মোৰ এইটো ভাল লাগে।",
      "note": "",
      "form_type": "",
      "style": "",
      "tags": []
    },
    {
      "text": "এইটো ঠিক আছে।",
      "note": "",
      "form_type": "",
      "style": "",
      "tags": []
    },
    {
      "text": "শুভকামনা।",
      "note": "",
      "form_type": "",
      "style": "",
      "tags": []
    },
    {
      "text": "এতিয়া কেইটা বাজিছে?",
      "note": "",
      "form_type": "",
      "style": "",
      "tags": []
    },
    {
      "text": "আজি বতৰ ভাল।",
      "note": "",
      "form_type": "",
      "style": "",
      "tags": []
    },
    {
      "text": "ঠাণ্ডা লাগিছে।",
      "note": "",
      "form_type": "",
      "style": "",
      "tags": []
    },
    {
      "text": "গৰম লাগিছে।",
      "note": "",
      "form_type": "",
      "style": "",
      "tags": []
    },
    {
      "text": "মোৰ ভাগৰ লাগিছে।",
      "note": "",
      "form_type": "",
      "style": "",
      "tags": []
    },
    {
      "text": "মই সুখী।",
      "note": "",
      "form_type": "",
      "style": "",
      "tags": []
    },
    {
      "text": "অভিনন্দন।",
      "note": "",
      "form_type": "",
      "style": "",
      "tags": []
    },
    {
      "text": "জন্মদিনৰ শুভেচ্ছা।",
      "note": "",
      "form_type": "",
      "style": "",
      "tags": []
    },
    {
      "text": "দিনটো ভাল হওক।",
      "note": "",
      "form_type": "",
      "style": "",
      "tags": []
    },
    {
      "text": "কালিলৈ লগ পাম।",
      "note": "",
      "form_type": "",
      "style": "",
      "tags": []
    },
    {
      "text": "নিজৰ যত্ন ল'ব।",
      "note": "",
      "form_type": "",
      "style": "",
      "tags": []
    },
    {
      "text": "আপুনি ইংৰাজী ক'ব পাৰেনে?",
      "note": "",
      "form_type": "",
      "style": "",
      "tags": []
    },
    {
      "text": "মই অলপহে কোৰিয়ান ক'ব পাৰোঁ।",
      "note": "",
      "form_type": "",
      "style": "",
      "tags": []
    },
    {
      "text": "অনুগ্রহ কৰি লাহে লাহে কওক।",
      "note": "",
      "form_type": "",
      "style": "",
      "tags": []
    },
    {
      "text": "ইয়াৰ মানে কি?",
      "note": "",
      "form_type": "",
      "style": "",
      "tags": []
    },
    {
      "text": "কোৰিয়ান ভাষাত ইয়াক কেনেকৈ কয়?",
      "note": "",
      "form_type": "",
      "style": "",
      "tags": []
    },
    {
      "text": "মই তোমাক ভাল পাওঁ।",
      "note": "",
      "form_type": "",
      "style": "",
      "tags": []
    },
    {
      "text": "অনুগ্রহ কৰি অপেক্ষা কৰক।",
      "note": "",
      "form_type": "",
      "style": "",
      "tags": []
    },
    {
      "text": "আপোনাক স্বাগতম।",
      "note": "",
      "form_type": "",
      "style": "",
      "tags": []
    },
    {
      "text": "নহয়, এইটো ঠিক আছে।",
      "note": "",
      "form_type": "",
      "style": "",
      "tags": []
    },
    {
      "text": "মোৰ এটা প্রশ্ন আছে।",
      "note": "",
      "form_type": "",
      "style": "",
      "tags": []
    }
  ]
}