{
  "default_type": "word",
  "subject": "50 ຄຳນາມພື້ນຖານ",
  "pos": "noun",
  "entries": [
    {
      "text": "ຂ້ອຍ",
      "note": "",
      "tags": []
    },
    {
      "text": "ເຈົ້າ",
      "note": "",
      "tags": []
    },
    {
      "text": "ນີ້",
      "note": "",
      "tags": []
    },
    {
      "text": "ນັ້ນ",
      "note": "",
      "tags": []
    },
    {
      "text": "ໃຜ",
      "note": "",
      "tags": []
    },
    {
      "text": "ແມ່ນຫຍັງ",
      "note": "",
      "tags": []
    },
    {
      "text": "ຢູ່ໃສ",
      "note": "",
      "tags": []
    },
    {
      "text": "ເມື່ອໃດ",
      "note": "",
      "tags": []
    },
    {
      "text": "ເປັນຫຍັງ",
      "note": "",
      "tags": []
    },
    {
      "text": "ແນວໃດ",
      "note": "",
      "tags": []
    },
    {
      "text": "ຄົນ",
      "note": "",
      "tags": []
    },
    {
      "text": "ໝູ່",
      "note": "",
      "tags": []
    },
    {
      "text": "ຄອບຄົວ",
      "note": "",
      "tags": []
    },
    {
      "text": "ຊື່",
      "note": "",
      "tags": []
    },
    {
      "text": "ເຮືອນ",
      "note": "",
      "tags": []
    },
    {
      "text": "ໂຮງຮຽນ",
      "note": "",
      "tags": []
    },
    {
      "text": "ບໍລິສັດ",
      "note": "",
      "tags": []
    },
    {
      "text": "ໂຮງໝໍ",
      "note": "",
      "tags": []
    },
    {
      "text": "ຕະຫຼາດ",
      "note": "",
      "tags": []
    },
    {
      "text": "ຮ້ານອາຫານ",
      "note": "",
      "tags": []
    },
    {
      "text": "ຮ້ານກາເຟ",
      "note": "",
      "tags": []
    },
    {
      "text": "ຫ້ອງນ້ຳ",
      "note": "",
      "tags": []
    },
    {
      "text": "ປຶ້ມ",
      "note": "",
      "tags": []
    },
    {
      "text": "ນ້ຳ",
      "note": "",
      "tags": []
    },
    {
      "text": "ອາຫານ",
      "note": "",
      "tags": []
    },
    {
      "text": "ເງິນ",
      "note": "",
      "tags": []
    },
    {
      "text": "ເສື້ອຜ້າ",
      "note": "",
      "tags": []
    },
    {
      "text": "ເກີບ",
      "note": "",
      "tags": []
    },
    {
      "text": "ຖົງ / ກະເປົ໋າ",
      "note": "",
      "tags": []
    },
    {
      "text": "ໂມງ",
      "note": "",
      "tags": []
    },
    {
      "text": "ໂທລະສັບ",
      "note": "",
      "tags": []
    },
    {
      "text": "ຄອມພິວເຕີ",
      "note": "",
      "tags": []
    },
    {
      "text": "ລົດ",
      "note": "",
      "tags": []
    },
    {
      "text": "ດວງຈັນ",
      "note": "ດວງຈັນ",
      "tags": []
    },
    {
      "text": "ດາວ",
      "note": "ອາວະກາດ",
      "tags": []
    },
    {
      "text": "ດວງອາທິດ",
      "note": "",
      "tags": []
    },
    {
      "text": "ທ້ອງຟ້າ",
      "note": "",
      "tags": []
    },
    {
      "text": "ທະເລ",
      "note": "",
      "tags": []
    },
    {
      "text": "ພູ",
      "note": "",
      "tags": []
    },
    {
      "text": "ດອກໄມ້",
      "note": "",
      "tags": []
    },
    {
      "text": "ຕົ້ນໄມ້",
      "note": "",
      "tags": []
    },
    {
      "text": "ໝາ",
      "note": "",
      "tags": []
    },
    {
      "text": "ແມວ",
      "note": "",
      "tags": []
    },
    {
      "text": "ມື້ນີ້",
      "note": "",
      "tags": []
    },
    {
      "text": "ມື້ອື່ນ",
      "note": "",
      "tags": []
    },
    {
      "text": "ມື້ວານນີ້",
      "note": "",
      "tags": []
    },
    {
      "text": "ຕອນນີ້",
      "note": "",
      "tags": []
    },
    {
      "text": "ເວລາ",
      "note": "",
      "tags": []
    },
    {
      "text": "ກາງເວັນ / ມື້",
      "note": "",
      "tags": []
    },
    {
      "text": "ກາງຄືນ",
      "note": "",
      "tags": []
    }
  ]
}