{
  "default_type": "word",
  "subject": "100 ຄຳກຳມະພື້ນຖານ",
  "pos": "verb",
  "entries": [
    {
      "text": "ໄປ",
      "note": "",
      "tags": []
    },
    {
      "text": "ມາ",
      "note": "",
      "tags": []
    },
    {
      "text": "ກິນ",
      "note": "",
      "tags": []
    },
    {
      "text": "ດື່ມ",
      "note": "",
      "tags": []
    },
    {
      "text": "ນອນ",
      "note": "",
      "tags": []
    },
    {
      "text": "ເບິ່ງ",
      "note": "",
      "tags": []
    },
    {
      "text": "ຊື້",
      "note": "",
      "tags": []
    },
    {
      "text": "ຂາຍ",
      "note": "",
      "tags": []
    },
    {
      "text": "ອ່ານ",
      "note": "",
      "tags": []
    },
    {
      "text": "ຂຽນ",
      "note": "ການຂຽນ",
      "tags": []
    },
    {
      "text": "ຟັງ",
      "note": "",
      "tags": []
    },
    {
      "text": "ເວົ້າ",
      "note": "",
      "tags": []
    },
    {
      "text": "ເຮັດ",
      "note": "",
      "tags": []
    },
    {
      "text": "ເຮັດວຽກ",
      "note": "",
      "tags": []
    },
    {
      "text": "ຮຽນ",
      "note": "",
      "tags": []
    },
    {
      "text": "ສອນ",
      "note": "",
      "tags": []
    },
    {
      "text": "ສຶກສາ",
      "note": "",
      "tags": []
    },
    {
      "text": "ລໍຖ້າ",
      "note": "",
      "tags": []
    },
    {
      "text": "ພົບ",
      "note": "",
      "tags": []
    },
    {
      "text": "ຮັກ",
      "note": "",
      "tags": []
    },
    {
      "text": "ມັກ",
      "note": "",
      "tags": []
    },
    {
      "text": "ຊັງ",
      "note": "",
      "tags": []
    },
    {
      "text": "ຫົວ",
      "note": "",
      "tags": []
    },
    {
      "text": "ໄຫ້",
      "note": "",
      "tags": []
    },
    {
      "text": "ຍ່າງ",
      "note": "",
      "tags": []
    },
    {
      "text": "ແລ່ນ",
      "note": "ການແລ່ນ",
      "tags": []
    },
    {
      "text": "ນັ່ງ",
      "note": "",
      "tags": []
    },
    {
      "text": "ຢືນ",
      "note": "",
      "tags": []
    },
    {
      "text": "ໃຫ້",
      "note": "",
      "tags": []
    },
    {
      "text": "ຮັບ",
      "note": "",
      "tags": []
    },
    {
      "text": "ເປີດ",
      "note": "",
      "tags": []
    },
    {
      "text": "ປິດ",
      "note": "",
      "tags": []
    },
    {
      "text": "ຄິດ",
      "note": "",
      "tags": []
    },
    {
      "text": "ຮູ້",
      "note": "",
      "tags": []
    },
    {
      "text": "ບໍ່ຮູ້",
      "note": "",
      "tags": []
    },
    {
      "text": "ຫາ / ພົບ",
      "note": "",
      "tags": []
    },
    {
      "text": "ເສຍ",
      "note": "",
      "tags": []
    },
    {
      "text": "ຊ່ວຍ",
      "note": "",
      "tags": []
    },
    {
      "text": "ລ້າງ",
      "note": "",
      "tags": []
    },
    {
      "text": "ແຕ່ງກິນ",
      "note": "",
      "tags": []
    },
    {
      "text": "ຮ້ອງເພງ",
      "note": "",
      "tags": []
    },
    {
      "text": "ຟ້ອນ",
      "note": "",
      "tags": []
    },
    {
      "text": "ໃຊ້",
      "note": "",
      "tags": []
    },
    {
      "text": "ເຮັດ / ສ້າງ",
      "note": "",
      "tags": []
    },
    {
      "text": "ເອີ້ນ / ຮ້ອງ",
      "note": "ເພງ / ຊື່",
      "tags": []
    },
    {
      "text": "ຖື / ຈັບ",
      "note": "",
      "tags": []
    },
    {
      "text": "ວາງ / ປ່ອຍ",
      "note": "",
      "tags": []
    },
    {
      "text": "ເຂົ້າ",
      "note": "",
      "tags": []
    },
    {
      "text": "ອອກ",
      "note": "",
      "tags": []
    },
    {
      "text": "ຂຶ້ນ",
      "note": "ພາຫະນະ",
      "tags": []
    },
    {
      "text": "ລົງ",
      "note": "ພາຫະນະ",
      "tags": []
    },
    {
      "text": "ສົ່ງ",
      "note": "",
      "tags": []
    },
    {
      "text": "ຍື່ນ / ຈ່າຍ",
      "note": "ການຍື່ນ",
      "tags": []
    },
    {
      "text": "ສະບາຍດີ",
      "note": "ການຖາມສະບາຍດີ",
      "tags": []
    },
    {
      "text": "ເລີ່ມ",
      "note": "",
      "tags": []
    },
    {
      "text": "ຈົບ",
      "note": "",
      "tags": []
    },
    {
      "text": "ພັກຜ່ອນ",
      "note": "ການພັກ",
      "tags": []
    },
    {
      "text": "ຖາມ",
      "note": "ຄຳຖາມ",
      "tags": []
    },
    {
      "text": "ຕອບ",
      "note": "",
      "tags": []
    },
    {
      "text": "ສັນຍາ",
      "note": "",
      "tags": []
    },
    {
      "text": "ກັງວົນ",
      "note": "",
      "tags": []
    },
    {
      "text": "ເຊື່ອ",
      "note": "",
      "tags": []
    },
    {
      "text": "ສົງໄສ",
      "note": "",
      "tags": []
    },
    {
      "text": "ຫວັງ",
      "note": "ຄວາມຫວັງ",
      "tags": []
    },
    {
      "text": "ຝັນ",
      "note": "",
      "tags": []
    },
    {
      "text": "ຜິດກັນ",
      "note": "",
      "tags": []
    },
    {
      "text": "ຊະນະ",
      "note": "",
      "tags": []
    },
    {
      "text": "ເສຍ / ແພ້",
      "note": "ຄວາມພ່າຍແພ້",
      "tags": []
    },
    {
      "text": "ເຕີບໃຫຍ່",
      "note": "ການເຕີບໂຕ",
      "tags": []
    },
    {
      "text": "ຢູ່ / ອາໄສ",
      "note": "",
      "tags": []
    },
    {
      "text": "ຕາຍ",
      "note": "",
      "tags": []
    },
    {
      "text": "ຢິບ",
      "note": "",
      "tags": []
    },
    {
      "text": "ຖິ້ມ",
      "note": "",
      "tags": []
    },
    {
      "text": "ເຊື່ອງ",
      "note": "",
      "tags": []
    },
    {
      "text": "ຄົ້ນຫາ",
      "note": "",
      "tags": []
    },
    {
      "text": "ເລືອກ",
      "note": "",
      "tags": []
    },
    {
      "text": "ປ່ຽນ",
      "note": "",
      "tags": []
    },
    {
      "text": "ສັ່ງຊື້",
      "note": "ການຊື້ສິນຄ້າ",
      "tags": []
    },
    {
      "text": "ກຽມ",
      "note": "",
      "tags": []
    },
    {
      "text": "ຈັບ",
      "note": "",
      "tags": []
    },
    {
      "text": "ແກວ່ງ / ໂຍນ",
      "note": "",
      "tags": []
    },
    {
      "text": "ດຶງ",
      "note": "",
      "tags": []
    },
    {
      "text": "ຍູ້",
      "note": "",
      "tags": []
    },
    {
      "text": "ແປງ",
      "note": "ການສ້ອມແປງ",
      "tags": []
    },
    {
      "text": "ເພ / ແຕກ",
      "note": "",
      "tags": []
    },
    {
      "text": "ເຈັບ",
      "note": "",
      "tags": []
    },
    {
      "text": "ປິ່ນປົວ",
      "note": "",
      "tags": []
    },
    {
      "text": "ອອກກຳລັງກາຍ",
      "note": "",
      "tags": []
    },
    {
      "text": "ລອຍນ້ຳ",
      "note": "",
      "tags": []
    },
    {
      "text": "ທ່ອງທ່ຽວ",
      "note": "",
      "tags": []
    },
    {
      "text": "ຂັບລົດ",
      "note": "",
      "tags": []
    },
    {
      "text": "ອະນາໄມ",
      "note": "",
      "tags": []
    },
    {
      "text": "ລ້າງຖ້ວຍ",
      "note": "",
      "tags": []
    },
    {
      "text": "ຊັກເຄື່ອງ",
      "note": "",
      "tags": []
    },
    {
      "text": "ອາບນ້ຳ",
      "note": "",
      "tags": []
    },
    {
      "text": "ຖູແຂ້ວ",
      "note": "",
      "tags": []
    },
    {
      "text": "ຕື່ນນອນ",
      "note": "ການຕື່ນ",
      "tags": []
    },
    {
      "text": "ໄປນອນ",
      "note": "ການນອນ",
      "tags": []
    },
    {
      "text": "ເຂົ້າໃຈ",
      "note": "",
      "tags": []
    },
    {
      "text": "ຈື່",
      "note": "",
      "tags": []
    }
  ]
}