{
  "default_type": "sentence",
  "subject": "आधारभूत अभिव्यक्ति र दैनिक वाक्य ५०",
  "entries": [
    {
      "text": "नमस्ते / नमस्कार।",
      "note": "शिष्ट अभिवादन",
      "form_type": "",
      "style": "",
      "tags": []
    },
    {
      "text": "तपाईंलाई भेटेर खुसी लाग्यो।",
      "note": "पहिलो भेट",
      "form_type": "",
      "style": "",
      "tags": []
    },
    {
      "text": "धेरै समयपछि भेट भयो।",
      "note": "पुनर्मिलन",
      "form_type": "",
      "style": "",
      "tags": []
    },
    {
      "text": "धेरै धेरै धन्यवाद।",
      "note": "औपचारिक",
      "form_type": "",
      "style": "",
      "tags": []
    },
    {
      "text": "मलाई माफ गर्नुहोस्।",
      "note": "औपचारिक",
      "form_type": "",
      "style": "",
      "tags": []
    },
    {
      "text": "सुन्नुहोस् त / माफ गर्नुहोस्।",
      "note": "ध्यान आकर्षण",
      "form_type": "",
      "style": "",
      "tags": []
    },
    {
      "text": "सन्चै हुनुहुन्छ?",
      "note": "अभिवादन",
      "form_type": "",
      "style": "",
      "tags": []
    },
    {
      "text": "म सन्चै छु, धन्यवाद।",
      "note": "",
      "form_type": "",
      "style": "",
      "tags": []
    },
    {
      "text": "तपाईंको नाम के हो?",
      "note": "",
      "form_type": "",
      "style": "",
      "tags": []
    },
    {
      "text": "मेरो नाम ... हो।",
      "note": "",
      "form_type": "",
      "style": "",
      "tags": []
    },
    {
      "text": "तपाईं कहाँबाट आउनुभएको हो?",
      "note": "",
      "form_type": "",
      "style": "",
      "tags": []
    },
    {
      "text": "म अमेरिकाबाट आएको हुँ।",
      "note": "",
      "form_type": "",
      "style": "",
      "tags": []
    },
    {
      "text": "जान्छु है / बिदा।",
      "note": "जाने व्यक्तिका लागि",
      "form_type": "",
      "style": "",
      "tags": []
    },
    {
      "text": "राम्रोसँग बस्नुहोला / बिदा।",
      "note": "बस्ने व्यक्तिका लागि",
      "form_type": "",
      "style": "",
      "tags": []
    },
    {
      "text": "हजुर / हो।",
      "note": "सकारात्मक",
      "form_type": "",
      "style": "",
      "tags": []
    },
    {
      "text": "होइन।",
      "note": "नकारात्मक",
      "form_type": "",
      "style": "",
      "tags": []
    },
    {
      "text": "सायद।",
      "note": "अनुमान",
      "form_type": "",
      "style": "",
      "tags": []
    },
    {
      "text": "मैले बुझें।",
      "note": "",
      "form_type": "",
      "style": "",
      "tags": []
    },
    {
      "text": "मलाई थाहा छैन।",
      "note": "",
      "form_type": "",
      "style": "",
      "tags": []
    },
    {
      "text": "कृपया मलाई मद्दत गर्नुहोस्।",
      "note": "",
      "form_type": "",
      "style": "",
      "tags": []
    },
    {
      "text": "कृपया एकछिन पर्खिनुहोस्।",
      "note": "",
      "form_type": "",
      "style": "",
      "tags": []
    },
    {
      "text": "यसको मूल्य कति हो?",
      "note": "किनमेल",
      "form_type": "",
      "style": "",
      "tags": []
    },
    {
      "text": "शौचालय कहाँ छ?",
      "note": "",
      "form_type": "",
      "style": "",
      "tags": []
    },
    {
      "text": "मलाई भोक लागेको छ।",
      "note": "",
      "form_type": "",
      "style": "",
      "tags": []
    },
    {
      "text": "मलाई तिर्खा लागेको छ।",
      "note": "",
      "form_type": "",
      "style": "",
      "tags": []
    },
    {
      "text": "यो स्वादिष्ट छ।",
      "note": "",
      "form_type": "",
      "style": "",
      "tags": []
    },
    {
      "text": "मलाई यो मन पर्छ।",
      "note": "",
      "form_type": "",
      "style": "",
      "tags": []
    },
    {
      "text": "ठिकै छ / केही छैन।",
      "note": "",
      "form_type": "",
      "style": "",
      "tags": []
    },
    {
      "text": "शुभकामना।",
      "note": "",
      "form_type": "",
      "style": "",
      "tags": []
    },
    {
      "text": "अहिले कति बज्यो?",
      "note": "",
      "form_type": "",
      "style": "",
      "tags": []
    },
    {
      "text": "आज मौसम राम्रो छ।",
      "note": "",
      "form_type": "",
      "style": "",
      "tags": []
    },
    {
      "text": "चिसो छ।",
      "note": "",
      "form_type": "",
      "style": "",
      "tags": []
    },
    {
      "text": "गर्मी छ।",
      "note": "",
      "form_type": "",
      "style": "",
      "tags": []
    },
    {
      "text": "म थाकेको छु।",
      "note": "",
      "form_type": "",
      "style": "",
      "tags": []
    },
    {
      "text": "म खुसी छु।",
      "note": "",
      "form_type": "",
      "style": "",
      "tags": []
    },
    {
      "text": "बधाई छ।",
      "note": "",
      "form_type": "",
      "style": "",
      "tags": []
    },
    {
      "text": "जन्मदिनको शुभकामना।",
      "note": "",
      "form_type": "",
      "style": "",
      "tags": []
    },
    {
      "text": "तपाईंको दिन शुभ रहोस्।",
      "note": "",
      "form_type": "",
      "style": "",
      "tags": []
    },
    {
      "text": "भोलि भेटौंला।",
      "note": "",
      "form_type": "",
      "style": "",
      "tags": []
    },
    {
      "text": "आफ्नो ख्याल राख्नुहोला।",
      "note": "",
      "form_type": "",
      "style": "",
      "tags": []
    },
    {
      "text": "के तपाईं अंग्रेजी बोल्नुहुन्छ?",
      "note": "",
      "form_type": "",
      "style": "",
      "tags": []
    },
    {
      "text": "म कोरियन थोरै मात्र बोल्छु।",
      "note": "",
      "form_type": "",
      "style": "",
      "tags": []
    },
    {
      "text": "कृपया बिस्तारै बोल्नुहोस्।",
      "note": "",
      "form_type": "",
      "style": "",
      "tags": []
    },
    {
      "text": "यसको अर्थ के हो?",
      "note": "",
      "form_type": "",
      "style": "",
      "tags": []
    },
    {
      "text": "यसलाई कोरियनमा के भनिन्छ?",
      "note": "",
      "form_type": "",
      "style": "",
      "tags": []
    },
    {
      "text": "म तिमीलाई माया गर्छु।",
      "note": "",
      "form_type": "",
      "style": "",
      "tags": []
    },
    {
      "text": "कृपया पर्खनुहोस्।",
      "note": "",
      "form_type": "",
      "style": "",
      "tags": []
    },
    {
      "text": "स्वागत छ / केही छैन।",
      "note": "",
      "form_type": "",
      "style": "",
      "tags": []
    },
    {
      "text": "अहँ, धन्यवाद।",
      "note": "",
      "form_type": "",
      "style": "",
      "tags": []
    },
    {
      "text": "मेरो एउटा प्रश्न छ।",
      "note": "",
      "form_type": "",
      "style": "",
      "tags": []
    }
  ]
}