{
  "default_type": "word",
  "subject": "50 اسم أساسي",
  "pos": "noun",
  "entries": [
    {
      "text": "أنا",
      "note": "",
      "tags": []
    },
    {
      "text": "أنت",
      "note": "",
      "tags": []
    },
    {
      "text": "هذا",
      "note": "",
      "tags": []
    },
    {
      "text": "ذلك",
      "note": "",
      "tags": []
    },
    {
      "text": "من",
      "note": "",
      "tags": []
    },
    {
      "text": "ماذا",
      "note": "",
      "tags": []
    },
    {
      "text": "أين",
      "note": "",
      "tags": []
    },
    {
      "text": "متى",
      "note": "",
      "tags": []
    },
    {
      "text": "لماذا",
      "note": "",
      "tags": []
    },
    {
      "text": "كيف",
      "note": "",
      "tags": []
    },
    {
      "text": "شخص",
      "note": "",
      "tags": []
    },
    {
      "text": "صديق",
      "note": "",
      "tags": []
    },
    {
      "text": "عائلة",
      "note": "",
      "tags": []
    },
    {
      "text": "اسم",
      "note": "",
      "tags": []
    },
    {
      "text": "بيت",
      "note": "",
      "tags": []
    },
    {
      "text": "مدرسة",
      "note": "",
      "tags": []
    },
    {
      "text": "شركة",
      "note": "",
      "tags": []
    },
    {
      "text": "مستشفى",
      "note": "",
      "tags": []
    },
    {
      "text": "سوق",
      "note": "",
      "tags": []
    },
    {
      "text": "مطعم",
      "note": "",
      "tags": []
    },
    {
      "text": "مقهى",
      "note": "",
      "tags": []
    },
    {
      "text": "مرحاض",
      "note": "",
      "tags": []
    },
    {
      "text": "كتاب",
      "note": "",
      "tags": []
    },
    {
      "text": "ماء",
      "note": "",
      "tags": []
    },
    {
      "text": "طعام",
      "note": "",
      "tags": []
    },
    {
      "text": "نقود",
      "note": "",
      "tags": []
    },
    {
      "text": "ملابس",
      "note": "",
      "tags": []
    },
    {
      "text": "حذاء",
      "note": "",
      "tags": []
    },
    {
      "text": "حقيبة",
      "note": "",
      "tags": []
    },
    {
      "text": "ساعة",
      "note": "",
      "tags": []
    },
    {
      "text": "هاتف",
      "note": "",
      "tags": []
    },
    {
      "text": "حاسوب",
      "note": "",
      "tags": []
    },
    {
      "text": "سيارة",
      "note": "",
      "tags": []
    },
    {
      "text": "القمر",
      "note": "هلال",
      "tags": []
    },
    {
      "text": "نجم",
      "note": "فضاء",
      "tags": []
    },
    {
      "text": "شمس",
      "note": "",
      "tags": []
    },
    {
      "text": "سماء",
      "note": "",
      "tags": []
    },
    {
      "text": "بحر",
      "note": "",
      "tags": []
    },
    {
      "text": "جبل",
      "note": "",
      "tags": []
    },
    {
      "text": "زهرة",
      "note": "",
      "tags": []
    },
    {
      "text": "شجرة",
      "note": "",
      "tags": []
    },
    {
      "text": "كلب",
      "note": "",
      "tags": []
    },
    {
      "text": "قطة",
      "note": "",
      "tags": []
    },
    {
      "text": "اليوم",
      "note": "",
      "tags": []
    },
    {
      "text": "غداً",
      "note": "",
      "tags": []
    },
    {
      "text": "أمس",
      "note": "",
      "tags": []
    },
    {
      "text": "الآن",
      "note": "",
      "tags": []
    },
    {
      "text": "وقت",
      "note": "",
      "tags": []
    },
    {
      "text": "نهار / يوم",
      "note": "",
      "tags": []
    },
    {
      "text": "ليل",
      "note": "",
      "tags": []
    }
  ]
}