{
  "default_type": "word",
  "subject": "100 فعل أساسي",
  "pos": "verb",
  "entries": [
    {
      "text": "ذهب",
      "note": "",
      "tags": []
    },
    {
      "text": "جاء",
      "note": "",
      "tags": []
    },
    {
      "text": "أكل",
      "note": "",
      "tags": []
    },
    {
      "text": "شرب",
      "note": "",
      "tags": []
    },
    {
      "text": "نام",
      "note": "",
      "tags": []
    },
    {
      "text": "رأى / شاهد",
      "note": "",
      "tags": []
    },
    {
      "text": "اشترى",
      "note": "",
      "tags": []
    },
    {
      "text": "باع",
      "note": "",
      "tags": []
    },
    {
      "text": "قرأ",
      "note": "",
      "tags": []
    },
    {
      "text": "كتب",
      "note": "كتابة",
      "tags": []
    },
    {
      "text": "سمع",
      "note": "",
      "tags": []
    },
    {
      "text": "تحدث",
      "note": "",
      "tags": []
    },
    {
      "text": "فعل",
      "note": "",
      "tags": []
    },
    {
      "text": "عمل",
      "note": "",
      "tags": []
    },
    {
      "text": "درس",
      "note": "",
      "tags": []
    },
    {
      "text": "علّم",
      "note": "",
      "tags": []
    },
    {
      "text": "تعلّم",
      "note": "",
      "tags": []
    },
    {
      "text": "انتظر",
      "note": "",
      "tags": []
    },
    {
      "text": "قابل",
      "note": "",
      "tags": []
    },
    {
      "text": "أحب",
      "note": "",
      "tags": []
    },
    {
      "text": "أعجب بـ",
      "note": "",
      "tags": []
    },
    {
      "text": "كره",
      "note": "",
      "tags": []
    },
    {
      "text": "ضحك",
      "note": "",
      "tags": []
    },
    {
      "text": "بكى",
      "note": "",
      "tags": []
    },
    {
      "text": "مشى",
      "note": "",
      "tags": []
    },
    {
      "text": "ركض",
      "note": "جري",
      "tags": []
    },
    {
      "text": "جلس",
      "note": "",
      "tags": []
    },
    {
      "text": "وقف",
      "note": "",
      "tags": []
    },
    {
      "text": "أعطى",
      "note": "",
      "tags": []
    },
    {
      "text": "استلم",
      "note": "",
      "tags": []
    },
    {
      "text": "فتح",
      "note": "",
      "tags": []
    },
    {
      "text": "أغلق",
      "note": "",
      "tags": []
    },
    {
      "text": "فكر",
      "note": "",
      "tags": []
    },
    {
      "text": "عرف",
      "note": "",
      "tags": []
    },
    {
      "text": "لا يعرف",
      "note": "",
      "tags": []
    },
    {
      "text": "بحث / وجد",
      "note": "",
      "tags": []
    },
    {
      "text": "فقد",
      "note": "",
      "tags": []
    },
    {
      "text": "ساعد",
      "note": "",
      "tags": []
    },
    {
      "text": "غسل",
      "note": "",
      "tags": []
    },
    {
      "text": "طبخ",
      "note": "",
      "tags": []
    },
    {
      "text": "غنى",
      "note": "",
      "tags": []
    },
    {
      "text": "رقص",
      "note": "",
      "tags": []
    },
    {
      "text": "استخدم",
      "note": "",
      "tags": []
    },
    {
      "text": "صنع",
      "note": "",
      "tags": []
    },
    {
      "text": "نادى / غنى",
      "note": "أغنية / اسم",
      "tags": []
    },
    {
      "text": "أمسك",
      "note": "",
      "tags": []
    },
    {
      "text": "وضع / ترك",
      "note": "",
      "tags": []
    },
    {
      "text": "دخل",
      "note": "",
      "tags": []
    },
    {
      "text": "خرج",
      "note": "",
      "tags": []
    },
    {
      "text": "صعد / ركب",
      "note": "مركبة",
      "tags": []
    },
    {
      "text": "نزل",
      "note": "مركبة",
      "tags": []
    },
    {
      "text": "أرسل",
      "note": "",
      "tags": []
    },
    {
      "text": "سلّم / قدّم",
      "note": "تسليم",
      "tags": []
    },
    {
      "text": "عاش / قضى وقتاً",
      "note": "تحية",
      "tags": []
    },
    {
      "text": "بدأ",
      "note": "",
      "tags": []
    },
    {
      "text": "انتهى",
      "note": "",
      "tags": []
    },
    {
      "text": "ارتاح",
      "note": "راحة",
      "tags": []
    },
    {
      "text": "سأل",
      "note": "سؤال",
      "tags": []
    },
    {
      "text": "أجاب",
      "note": "",
      "tags": []
    },
    {
      "text": "وعد",
      "note": "",
      "tags": []
    },
    {
      "text": "قلق",
      "note": "",
      "tags": []
    },
    {
      "text": "آمن / صدق",
      "note": "",
      "tags": []
    },
    {
      "text": "شك",
      "note": "",
      "tags": []
    },
    {
      "text": "تمنى",
      "note": "أمنية",
      "tags": []
    },
    {
      "text": "حلم",
      "note": "",
      "tags": []
    },
    {
      "text": "تشاجر",
      "note": "",
      "tags": []
    },
    {
      "text": "فاز",
      "note": "",
      "tags": []
    },
    {
      "text": "خسر",
      "note": "هزيمة",
      "tags": []
    },
    {
      "text": "كبر / نما",
      "note": "نمو",
      "tags": []
    },
    {
      "text": "عاش / سكن",
      "note": "",
      "tags": []
    },
    {
      "text": "مات",
      "note": "",
      "tags": []
    },
    {
      "text": "أخذ / التقط",
      "note": "",
      "tags": []
    },
    {
      "text": "رمى / تخلص من",
      "note": "",
      "tags": []
    },
    {
      "text": "اختبأ",
      "note": "",
      "tags": []
    },
    {
      "text": "بحث عن",
      "note": "",
      "tags": []
    },
    {
      "text": "اختار",
      "note": "",
      "tags": []
    },
    {
      "text": "غيّر",
      "note": "",
      "tags": []
    },
    {
      "text": "طلب",
      "note": "شراء بضاعة",
      "tags": []
    },
    {
      "text": "استعد",
      "note": "",
      "tags": []
    },
    {
      "text": "قبض على",
      "note": "",
      "tags": []
    },
    {
      "text": "رمى",
      "note": "",
      "tags": []
    },
    {
      "text": "سحب",
      "note": "",
      "tags": []
    },
    {
      "text": "دفع",
      "note": "",
      "tags": []
    },
    {
      "text": "صلح",
      "note": "إصلاح",
      "tags": []
    },
    {
      "text": "انكسر",
      "note": "",
      "tags": []
    },
    {
      "text": "تألم / مرض",
      "note": "",
      "tags": []
    },
    {
      "text": "عالج",
      "note": "",
      "tags": []
    },
    {
      "text": "تمرن",
      "note": "",
      "tags": []
    },
    {
      "text": "سبح",
      "note": "",
      "tags": []
    },
    {
      "text": "سافر",
      "note": "",
      "tags": []
    },
    {
      "text": "قاد",
      "note": "",
      "tags": []
    },
    {
      "text": "نظف",
      "note": "",
      "tags": []
    },
    {
      "text": "غسل الأطباق",
      "note": "",
      "tags": []
    },
    {
      "text": "غسل الملابس",
      "note": "",
      "tags": []
    },
    {
      "text": "استحم",
      "note": "",
      "tags": []
    },
    {
      "text": "فرش أسنانه",
      "note": "",
      "tags": []
    },
    {
      "text": "استيقظ",
      "note": "نهوض",
      "tags": []
    },
    {
      "text": "ذهب للنوم",
      "note": "نوم",
      "tags": []
    },
    {
      "text": "فهم",
      "note": "",
      "tags": []
    },
    {
      "text": "تذكر",
      "note": "",
      "tags": []
    }
  ]
}