{
  "default_type": "word",
  "subject": "50 મૂળભૂત સંજ્ઞાઓ",
  "pos": "noun",
  "entries": [
    {
      "text": "હું",
      "note": "",
      "tags": []
    },
    {
      "text": "તમે / તું",
      "note": "",
      "tags": []
    },
    {
      "text": "આ / આનું",
      "note": "",
      "tags": []
    },
    {
      "text": "તે / તેનું",
      "note": "",
      "tags": []
    },
    {
      "text": "કોણ",
      "note": "",
      "tags": []
    },
    {
      "text": "શું",
      "note": "",
      "tags": []
    },
    {
      "text": "ક્યાં",
      "note": "",
      "tags": []
    },
    {
      "text": "ક્યારે",
      "note": "",
      "tags": []
    },
    {
      "text": "કેમ",
      "note": "",
      "tags": []
    },
    {
      "text": "કેવી રીતે",
      "note": "",
      "tags": []
    },
    {
      "text": "લોકો",
      "note": "",
      "tags": []
    },
    {
      "text": "મિત્ર",
      "note": "",
      "tags": []
    },
    {
      "text": "પરિવાર",
      "note": "",
      "tags": []
    },
    {
      "text": "નામ",
      "note": "",
      "tags": []
    },
    {
      "text": "ઘર",
      "note": "",
      "tags": []
    },
    {
      "text": "શાળા",
      "note": "",
      "tags": []
    },
    {
      "text": "કંપની",
      "note": "",
      "tags": []
    },
    {
      "text": "હોસ્પિટલ",
      "note": "",
      "tags": []
    },
    {
      "text": "બજાર",
      "note": "",
      "tags": []
    },
    {
      "text": "રેસ્ટોરન્ટ",
      "note": "",
      "tags": []
    },
    {
      "text": "કોફી શોપ",
      "note": "",
      "tags": []
    },
    {
      "text": "શૌચાલય",
      "note": "",
      "tags": []
    },
    {
      "text": "પુસ્તક",
      "note": "",
      "tags": []
    },
    {
      "text": "પાણી",
      "note": "",
      "tags": []
    },
    {
      "text": "ખોરાક",
      "note": "",
      "tags": []
    },
    {
      "text": "પૈસા",
      "note": "",
      "tags": []
    },
    {
      "text": "કપડાં",
      "note": "",
      "tags": []
    },
    {
      "text": "બૂટ",
      "note": "",
      "tags": []
    },
    {
      "text": "થેલી / બેગ",
      "note": "",
      "tags": []
    },
    {
      "text": "ઘડિયાળ",
      "note": "",
      "tags": []
    },
    {
      "text": "ફોન",
      "note": "",
      "tags": []
    },
    {
      "text": "કમ્પ્યુટર",
      "note": "",
      "tags": []
    },
    {
      "text": "ગાડી / કાર",
      "note": "",
      "tags": []
    },
    {
      "text": "ચંદ્ર",
      "note": "ચંદ્ર",
      "tags": []
    },
    {
      "text": "તારો",
      "note": "અંતરિક્ષ",
      "tags": []
    },
    {
      "text": "સૂર્ય",
      "note": "",
      "tags": []
    },
    {
      "text": "આકાશ",
      "note": "",
      "tags": []
    },
    {
      "text": "સમુદ્ર",
      "note": "",
      "tags": []
    },
    {
      "text": "પર્વત",
      "note": "",
      "tags": []
    },
    {
      "text": "ફૂલ",
      "note": "",
      "tags": []
    },
    {
      "text": "ઝાડ / વૃક્ષ",
      "note": "",
      "tags": []
    },
    {
      "text": "કૂતરો",
      "note": "",
      "tags": []
    },
    {
      "text": "બિલાડી",
      "note": "",
      "tags": []
    },
    {
      "text": "આજે",
      "note": "",
      "tags": []
    },
    {
      "text": "આવતીકાલે",
      "note": "",
      "tags": []
    },
    {
      "text": "ગઈકાલે",
      "note": "",
      "tags": []
    },
    {
      "text": "અત્યારે",
      "note": "",
      "tags": []
    },
    {
      "text": "સમય",
      "note": "",
      "tags": []
    },
    {
      "text": "દિવસ",
      "note": "",
      "tags": []
    },
    {
      "text": "રાત",
      "note": "",
      "tags": []
    }
  ]
}