{
  "default_type": "word",
  "subject": "Негізгі зат есімдер 50",
  "pos": "noun",
  "entries": [
    {
      "text": "Адам",
      "note": "",
      "tags": []
    },
    {
      "text": "Су",
      "note": "Drinking water",
      "tags": []
    },
    {
      "text": "Күріш / Тамақ",
      "note": "Meal",
      "tags": []
    },
    {
      "text": "Нан",
      "note": "",
      "tags": []
    },
    {
      "text": "Алма",
      "note": "Fruit",
      "tags": []
    },
    {
      "text": "Сүт",
      "note": "",
      "tags": []
    },
    {
      "text": "Ет",
      "note": "",
      "tags": []
    },
    {
      "text": "Киім",
      "note": "",
      "tags": []
    },
    {
      "text": "Үй",
      "note": "Housing",
      "tags": []
    },
    {
      "text": "Бөлме",
      "note": "",
      "tags": []
    },
    {
      "text": "Терезе",
      "note": "",
      "tags": []
    },
    {
      "text": "Есік",
      "note": "Entrance",
      "tags": []
    },
    {
      "text": "Үстел",
      "note": "",
      "tags": []
    },
    {
      "text": "Орындық",
      "note": "",
      "tags": []
    },
    {
      "text": "Компьютер",
      "note": "",
      "tags": []
    },
    {
      "text": "Телефон",
      "note": "",
      "tags": []
    },
    {
      "text": "Кітап",
      "note": "Library",
      "tags": []
    },
    {
      "text": "Қарындаш",
      "note": "",
      "tags": []
    },
    {
      "text": "Қағаз",
      "note": "",
      "tags": []
    },
    {
      "text": "Сөмке",
      "note": "",
      "tags": []
    },
    {
      "text": "Мектеп",
      "note": "",
      "tags": []
    },
    {
      "text": "Компания",
      "note": "",
      "tags": []
    },
    {
      "text": "Аурухана",
      "note": "",
      "tags": []
    },
    {
      "text": "Дәріхана",
      "note": "",
      "tags": []
    },
    {
      "text": "Мейрамхана",
      "note": "",
      "tags": []
    },
    {
      "text": "Базар",
      "note": "Marketplace",
      "tags": []
    },
    {
      "text": "Метро",
      "note": "",
      "tags": []
    },
    {
      "text": "Автобус",
      "note": "",
      "tags": []
    },
    {
      "text": "Такси",
      "note": "",
      "tags": []
    },
    {
      "text": "Ұшақ",
      "note": "",
      "tags": []
    },
    {
      "text": "Пойыз",
      "note": "",
      "tags": []
    },
    {
      "text": "Велосипед",
      "note": "",
      "tags": []
    },
    {
      "text": "Жол",
      "note": "Road",
      "tags": []
    },
    {
      "text": "Тау",
      "note": "",
      "tags": []
    },
    {
      "text": "Теңіз",
      "note": "",
      "tags": []
    },
    {
      "text": "Өзен",
      "note": "",
      "tags": []
    },
    {
      "text": "Аспан",
      "note": "",
      "tags": []
    },
    {
      "text": "Күн / Жыл",
      "note": "Sun / Year",
      "tags": []
    },
    {
      "text": "Ай",
      "note": "Satellite",
      "tags": []
    },
    {
      "text": "Жұлдыз",
      "note": "Celestial Body",
      "tags": []
    },
    {
      "text": "Ағаш",
      "note": "",
      "tags": []
    },
    {
      "text": "Гүл",
      "note": "",
      "tags": []
    },
    {
      "text": "Күшік",
      "note": "",
      "tags": []
    },
    {
      "text": "Мысық",
      "note": "",
      "tags": []
    },
    {
      "text": "Ақша",
      "note": "Cash",
      "tags": []
    },
    {
      "text": "Уақыт",
      "note": "",
      "tags": []
    },
    {
      "text": "Бүгін",
      "note": "",
      "tags": []
    },
    {
      "text": "Ертең",
      "note": "",
      "tags": []
    },
    {
      "text": "Кеше",
      "note": "",
      "tags": []
    },
    {
      "text": "Дос",
      "note": "",
      "tags": []
    }
  ]
}