{
  "default_type": "word",
  "subject": "Негізгі етістіктер 100",
  "pos": "verb",
  "entries": [
    {
      "text": "Бару",
      "note": "",
      "tags": []
    },
    {
      "text": "Келу",
      "note": "",
      "tags": []
    },
    {
      "text": "Жеу",
      "note": "",
      "tags": []
    },
    {
      "text": "Ішу",
      "note": "",
      "tags": []
    },
    {
      "text": "Ұйықтау",
      "note": "",
      "tags": []
    },
    {
      "text": "Көру",
      "note": "",
      "tags": []
    },
    {
      "text": "Сатып алу",
      "note": "",
      "tags": []
    },
    {
      "text": "Сату",
      "note": "",
      "tags": []
    },
    {
      "text": "Оқу",
      "note": "",
      "tags": []
    },
    {
      "text": "Жазу",
      "note": "Writing",
      "tags": []
    },
    {
      "text": "Тыңдау",
      "note": "",
      "tags": []
    },
    {
      "text": "Сөйлеу",
      "note": "",
      "tags": []
    },
    {
      "text": "Істеу",
      "note": "",
      "tags": []
    },
    {
      "text": "Жұмыс істеу",
      "note": "",
      "tags": []
    },
    {
      "text": "Оқу",
      "note": "",
      "tags": []
    },
    {
      "text": "Оқыту",
      "note": "",
      "tags": []
    },
    {
      "text": "Үйрену",
      "note": "",
      "tags": []
    },
    {
      "text": "Күту",
      "note": "",
      "tags": []
    },
    {
      "text": "Кездесу",
      "note": "",
      "tags": []
    },
    {
      "text": "Жақсы көру",
      "note": "",
      "tags": []
    },
    {
      "text": "Ұнату",
      "note": "",
      "tags": []
    },
    {
      "text": "Жақтырмау",
      "note": "",
      "tags": []
    },
    {
      "text": "Күлу",
      "note": "",
      "tags": []
    },
    {
      "text": "Жылау",
      "note": "",
      "tags": []
    },
    {
      "text": "Жүру",
      "note": "",
      "tags": []
    },
    {
      "text": "Жүгіру",
      "note": "Running",
      "tags": []
    },
    {
      "text": "Отыру",
      "note": "",
      "tags": []
    },
    {
      "text": "Тұру",
      "note": "",
      "tags": []
    },
    {
      "text": "Беру",
      "note": "",
      "tags": []
    },
    {
      "text": "Алу",
      "note": "",
      "tags": []
    },
    {
      "text": "Ашу",
      "note": "",
      "tags": []
    },
    {
      "text": "Жабу",
      "note": "",
      "tags": []
    },
    {
      "text": "Ойлау",
      "note": "",
      "tags": []
    },
    {
      "text": "Білу",
      "note": "",
      "tags": []
    },
    {
      "text": "Білмеу",
      "note": "",
      "tags": []
    },
    {
      "text": "Табу",
      "note": "",
      "tags": []
    },
    {
      "text": "Жоғалту",
      "note": "",
      "tags": []
    },
    {
      "text": "Көмектесу",
      "note": "",
      "tags": []
    },
    {
      "text": "Жуу",
      "note": "",
      "tags": []
    },
    {
      "text": "Тамақ дайындау",
      "note": "",
      "tags": []
    },
    {
      "text": "Ән айту",
      "note": "",
      "tags": []
    },
    {
      "text": "Билеу",
      "note": "",
      "tags": []
    },
    {
      "text": "Пайдалану",
      "note": "",
      "tags": []
    },
    {
      "text": "Жасау",
      "note": "",
      "tags": []
    },
    {
      "text": "Шақыру",
      "note": "Song / Name",
      "tags": []
    },
    {
      "text": "Ұстау",
      "note": "",
      "tags": []
    },
    {
      "text": "Қою / қалдыру",
      "note": "",
      "tags": []
    },
    {
      "text": "Кіру",
      "note": "",
      "tags": []
    },
    {
      "text": "Шығу",
      "note": "",
      "tags": []
    },
    {
      "text": "Міну",
      "note": "Boarding",
      "tags": []
    },
    {
      "text": "Түсу",
      "note": "Alighting",
      "tags": []
    },
    {
      "text": "Жіберу",
      "note": "",
      "tags": []
    },
    {
      "text": "Тапсыру",
      "note": "Submission",
      "tags": []
    },
    {
      "text": "Тіл табысу",
      "note": "Greetings",
      "tags": []
    },
    {
      "text": "Бастау",
      "note": "",
      "tags": []
    },
    {
      "text": "Аяқтау",
      "note": "",
      "tags": []
    },
    {
      "text": "Демалу",
      "note": "Relax",
      "tags": []
    },
    {
      "text": "Сұрау",
      "note": "Question",
      "tags": []
    },
    {
      "text": "Жауап беру",
      "note": "",
      "tags": []
    },
    {
      "text": "Уәде беру",
      "note": "",
      "tags": []
    },
    {
      "text": "Уайымдау",
      "note": "",
      "tags": []
    },
    {
      "text": "Сену",
      "note": "",
      "tags": []
    },
    {
      "text": "Күмәндану",
      "note": "",
      "tags": []
    },
    {
      "text": "Тілеу / Үміттену",
      "note": "Hope",
      "tags": []
    },
    {
      "text": "Армандау",
      "note": "",
      "tags": []
    },
    {
      "text": "Төбелесу",
      "note": "",
      "tags": []
    },
    {
      "text": "Жеңу",
      "note": "",
      "tags": []
    },
    {
      "text": "Жеңілу",
      "note": "Defeat",
      "tags": []
    },
    {
      "text": "Өсу",
      "note": "Growth",
      "tags": []
    },
    {
      "text": "Өмір сүру",
      "note": "",
      "tags": []
    },
    {
      "text": "Өлу",
      "note": "",
      "tags": []
    },
    {
      "text": "Алып кету",
      "note": "",
      "tags": []
    },
    {
      "text": "Лақтырып тастау",
      "note": "",
      "tags": []
    },
    {
      "text": "Жасыру",
      "note": "",
      "tags": []
    },
    {
      "text": "Іздеу",
      "note": "",
      "tags": []
    },
    {
      "text": "Таңдау",
      "note": "",
      "tags": []
    },
    {
      "text": "Өзгерту",
      "note": "",
      "tags": []
    },
    {
      "text": "Тапсырыс беру",
      "note": "Buying items",
      "tags": []
    },
    {
      "text": "Дайындау",
      "note": "",
      "tags": []
    },
    {
      "text": "Ұстап алу",
      "note": "",
      "tags": []
    },
    {
      "text": "Лақтыру",
      "note": "",
      "tags": []
    },
    {
      "text": "Тарту",
      "note": "",
      "tags": []
    },
    {
      "text": "Итеру",
      "note": "",
      "tags": []
    },
    {
      "text": "Жөндеу",
      "note": "Repair",
      "tags": []
    },
    {
      "text": "Сындыру",
      "note": "",
      "tags": []
    },
    {
      "text": "Ауыру / жарақаттану",
      "note": "",
      "tags": []
    },
    {
      "text": "Емдеу",
      "note": "",
      "tags": []
    },
    {
      "text": "Жаттығу",
      "note": "",
      "tags": []
    },
    {
      "text": "Жүзу",
      "note": "",
      "tags": []
    },
    {
      "text": "Саяхаттау",
      "note": "",
      "tags": []
    },
    {
      "text": "Көлік жүргізу",
      "note": "",
      "tags": []
    },
    {
      "text": "Тазалау",
      "note": "",
      "tags": []
    },
    {
      "text": "Ыдыс жуу",
      "note": "",
      "tags": []
    },
    {
      "text": "Кір жуу",
      "note": "",
      "tags": []
    },
    {
      "text": "Душ қабылдау",
      "note": "",
      "tags": []
    },
    {
      "text": "Тіс тазалау",
      "note": "",
      "tags": []
    },
    {
      "text": "Ояну",
      "note": "Wake up",
      "tags": []
    },
    {
      "text": "Ұйықтауға кету",
      "note": "Sleeping",
      "tags": []
    },
    {
      "text": "Түсіну",
      "note": "",
      "tags": []
    },
    {
      "text": "Есте сақтау",
      "note": "",
      "tags": []
    }
  ]
}