{
  "default_type": "word",
  "subject": "Substantivos básicos 50",
  "pos": "noun",
  "entries": [
    {
      "text": "Persoa",
      "note": "",
      "tags": []
    },
    {
      "text": "Auga",
      "note": "Drinking water",
      "tags": []
    },
    {
      "text": "Arroz / Comida",
      "note": "Meal",
      "tags": []
    },
    {
      "text": "Pan",
      "note": "",
      "tags": []
    },
    {
      "text": "Mazá",
      "note": "Fruit",
      "tags": []
    },
    {
      "text": "Leite",
      "note": "",
      "tags": []
    },
    {
      "text": "Carne",
      "note": "",
      "tags": []
    },
    {
      "text": "Roupa",
      "note": "",
      "tags": []
    },
    {
      "text": "Casa",
      "note": "Housing",
      "tags": []
    },
    {
      "text": "Cuarto",
      "note": "",
      "tags": []
    },
    {
      "text": "Xanela",
      "note": "",
      "tags": []
    },
    {
      "text": "Porta",
      "note": "Entrance",
      "tags": []
    },
    {
      "text": "Escritorio",
      "note": "",
      "tags": []
    },
    {
      "text": "Cadeira",
      "note": "",
      "tags": []
    },
    {
      "text": "Ordenador",
      "note": "",
      "tags": []
    },
    {
      "text": "Teléfono",
      "note": "",
      "tags": []
    },
    {
      "text": "Libro",
      "note": "Library",
      "tags": []
    },
    {
      "text": "Lapis",
      "note": "",
      "tags": []
    },
    {
      "text": "Papel",
      "note": "",
      "tags": []
    },
    {
      "text": "Bolso",
      "note": "",
      "tags": []
    },
    {
      "text": "Escola",
      "note": "",
      "tags": []
    },
    {
      "text": "Empresa",
      "note": "",
      "tags": []
    },
    {
      "text": "Hospital",
      "note": "",
      "tags": []
    },
    {
      "text": "Farmacia",
      "note": "",
      "tags": []
    },
    {
      "text": "Restaurante",
      "note": "",
      "tags": []
    },
    {
      "text": "Mercado",
      "note": "Marketplace",
      "tags": []
    },
    {
      "text": "Metro",
      "note": "",
      "tags": []
    },
    {
      "text": "Autobús",
      "note": "",
      "tags": []
    },
    {
      "text": "Taxi",
      "note": "",
      "tags": []
    },
    {
      "text": "Avión",
      "note": "",
      "tags": []
    },
    {
      "text": "Tren",
      "note": "",
      "tags": []
    },
    {
      "text": "Bicicleta",
      "note": "",
      "tags": []
    },
    {
      "text": "Estrada",
      "note": "Road",
      "tags": []
    },
    {
      "text": "Montaña",
      "note": "",
      "tags": []
    },
    {
      "text": "Mar",
      "note": "",
      "tags": []
    },
    {
      "text": "Río",
      "note": "",
      "tags": []
    },
    {
      "text": "Ceo",
      "note": "",
      "tags": []
    },
    {
      "text": "Sol / Ano",
      "note": "Sun / Year",
      "tags": []
    },
    {
      "text": "Lúa",
      "note": "Satellite",
      "tags": []
    },
    {
      "text": "Estrela",
      "note": "Celestial Body",
      "tags": []
    },
    {
      "text": "Árbore",
      "note": "",
      "tags": []
    },
    {
      "text": "Flor",
      "note": "",
      "tags": []
    },
    {
      "text": "Cachorro",
      "note": "",
      "tags": []
    },
    {
      "text": "Gato",
      "note": "",
      "tags": []
    },
    {
      "text": "Diñeiro",
      "note": "Cash",
      "tags": []
    },
    {
      "text": "Tempo",
      "note": "",
      "tags": []
    },
    {
      "text": "Hoxe",
      "note": "",
      "tags": []
    },
    {
      "text": "Mañá",
      "note": "",
      "tags": []
    },
    {
      "text": "Onte",
      "note": "",
      "tags": []
    },
    {
      "text": "Amigo",
      "note": "",
      "tags": []
    }
  ]
}