{
  "default_type": "sentence",
  "subject": "ಮೂಲ ಅಭಿವ್ಯಕ್ತಿಗಳು ಮತ್ತು ದೈನಂದಿನ ವಾಕ್ಯಗಳು 50",
  "entries": [
    {
      "text": "ನಮಸ್ಕಾರ.",
      "note": "ವಿನಯಶೀಲ ಶುಭಾಶಯ",
      "form_type": "",
      "style": "",
      "tags": []
    },
    {
      "text": "ನಿಮ್ಮನ್ನು ಭೇಟಿಯಾಗಿದ್ದಕ್ಕೆ ಸಂತೋಷವಾಗಿದೆ.",
      "note": "ಮೊದಲ ಭೇಟಿ",
      "form_type": "",
      "style": "",
      "tags": []
    },
    {
      "text": "ಭೇಟಿಯಾಗಿ ಬಹಳ ದಿನಗಳಾದವು.",
      "note": "ಮರುಭೇಟಿ",
      "form_type": "",
      "style": "",
      "tags": []
    },
    {
      "text": "ತುಂಬಾ ಧನ್ಯವಾದಗಳು.",
      "note": "ಔಪಚಾರಿಕ",
      "form_type": "",
      "style": "",
      "tags": []
    },
    {
      "text": "ನನ್ನನ್ನು ಕ್ಷಮಿಸಿ.",
      "note": "ಔಪಚಾರಿಕ",
      "form_type": "",
      "style": "",
      "tags": []
    },
    {
      "text": "ಕ್ಷಮಿಸಿ.",
      "note": "ಗಮನ ಸೆಳೆಯಲು",
      "form_type": "",
      "style": "",
      "tags": []
    },
    {
      "text": "ಹೇಗಿದ್ದೀರಿ?",
      "note": "ಶುಭಾಶಯ",
      "form_type": "",
      "style": "",
      "tags": []
    },
    {
      "text": "ಚೆನ್ನಾಗಿದ್ದೇನೆ, ಧನ್ಯವಾದಗಳು.",
      "note": "",
      "form_type": "",
      "style": "",
      "tags": []
    },
    {
      "text": "ನಿಮ್ಮ ಹೆಸರೇನು?",
      "note": "",
      "form_type": "",
      "style": "",
      "tags": []
    },
    {
      "text": "ನನ್ನ ಹೆಸರು ...",
      "note": "",
      "form_type": "",
      "style": "",
      "tags": []
    },
    {
      "text": "ನೀವು ಎಲ್ಲಿಂದ ಬಂದಿದ್ದೀರಿ?",
      "note": "",
      "form_type": "",
      "style": "",
      "tags": []
    },
    {
      "text": "ನಾನು ಅಮೆರಿಕಾದಿಂದ ಬಂದಿದ್ದೇನೆ.",
      "note": "",
      "form_type": "",
      "style": "",
      "tags": []
    },
    {
      "text": "ಬರುತ್ತೇನೆ / ನಮಸ್ಕಾರ.",
      "note": "ಹೋಗುವವರಿಗೆ",
      "form_type": "",
      "style": "",
      "tags": []
    },
    {
      "text": "ಹುಷಾರಾಗಿರಿ / ಬರುತ್ತೇನೆ.",
      "note": "ಇರುವವರಿಗೆ",
      "form_type": "",
      "style": "",
      "tags": []
    },
    {
      "text": "ಹೌದು.",
      "note": "ಧನಾತ್ಮಕ",
      "form_type": "",
      "style": "",
      "tags": []
    },
    {
      "text": "ಇಲ್ಲ.",
      "note": "ಋಣಾತ್ಮಕ",
      "form_type": "",
      "style": "",
      "tags": []
    },
    {
      "text": "ಬಹುಶಃ.",
      "note": "ಊಹೆ",
      "form_type": "",
      "style": "",
      "tags": []
    },
    {
      "text": "ನನಗೆ ಅರ್ಥವಾಯಿತು.",
      "note": "",
      "form_type": "",
      "style": "",
      "tags": []
    },
    {
      "text": "ನನಗೆ ಗೊತ್ತಿಲ್ಲ.",
      "note": "",
      "form_type": "",
      "style": "",
      "tags": []
    },
    {
      "text": "ದಯವಿಟ್ಟು ನನಗೆ ಸಹಾಯ ಮಾಡಿ.",
      "note": "",
      "form_type": "",
      "style": "",
      "tags": []
    },
    {
      "text": "ದಯವಿಟ್ಟು ಒಂದು ನಿಮಿಷ ಕಾಯಿರಿ.",
      "note": "",
      "form_type": "",
      "style": "",
      "tags": []
    },
    {
      "text": "ಇದರ ಬೆಲೆ ಎಷ್ಟು?",
      "note": "ಖರೀದಿ",
      "form_type": "",
      "style": "",
      "tags": []
    },
    {
      "text": "ಶೌಚಾಲಯ ಎಲ್ಲಿದೆ?",
      "note": "",
      "form_type": "",
      "style": "",
      "tags": []
    },
    {
      "text": "ನನಗೆ ಹಸಿವಾಗುತ್ತಿದೆ.",
      "note": "",
      "form_type": "",
      "style": "",
      "tags": []
    },
    {
      "text": "ನನಗೆ ಬಾಯಾರಿಕೆಯಾಗುತ್ತಿದೆ.",
      "note": "",
      "form_type": "",
      "style": "",
      "tags": []
    },
    {
      "text": "ಇದು ರುಚಿಯಾಗಿದೆ.",
      "note": "",
      "form_type": "",
      "style": "",
      "tags": []
    },
    {
      "text": "ನನಗೆ ಇದು ಇಷ್ಟ.",
      "note": "",
      "form_type": "",
      "style": "",
      "tags": []
    },
    {
      "text": "ಪರವಾಗಿಲ್ಲ / ಸರಿ.",
      "note": "",
      "form_type": "",
      "style": "",
      "tags": []
    },
    {
      "text": "ಶುಭಾಶಯಗಳು.",
      "note": "",
      "form_type": "",
      "style": "",
      "tags": []
    },
    {
      "text": "ಈಗ ಸಮಯ ಎಷ್ಟು?",
      "note": "",
      "form_type": "",
      "style": "",
      "tags": []
    },
    {
      "text": "ಇಂದು ಹವಾಮಾನ ಚೆನ್ನಾಗಿದೆ.",
      "note": "",
      "form_type": "",
      "style": "",
      "tags": []
    },
    {
      "text": "ಚಳಿಯಾಗುತ್ತಿದೆ.",
      "note": "",
      "form_type": "",
      "style": "",
      "tags": []
    },
    {
      "text": "ಬಿಸಿಯಾಗಿದೆ.",
      "note": "",
      "form_type": "",
      "style": "",
      "tags": []
    },
    {
      "text": "ನಾನು ಸುಸ್ತಾಗಿದ್ದೇನೆ.",
      "note": "",
      "form_type": "",
      "style": "",
      "tags": []
    },
    {
      "text": "ನಾನು ಸಂತೋಷವಾಗಿದ್ದೇನೆ.",
      "note": "",
      "form_type": "",
      "style": "",
      "tags": []
    },
    {
      "text": "ಅಭಿನಂದನೆಗಳು.",
      "note": "",
      "form_type": "",
      "style": "",
      "tags": []
    },
    {
      "text": "ಜನ್ಮದಿನದ ಶುಭಾಶಯಗಳು.",
      "note": "",
      "form_type": "",
      "style": "",
      "tags": []
    },
    {
      "text": "ಶುಭ ದಿನ.",
      "note": "",
      "form_type": "",
      "style": "",
      "tags": []
    },
    {
      "text": "ನಾಳೆ ಭೇಟಿಯಾಗೋಣ.",
      "note": "",
      "form_type": "",
      "style": "",
      "tags": []
    },
    {
      "text": "ನಿಮ್ಮ ಕಾಳಜಿ ವಹಿಸಿ.",
      "note": "",
      "form_type": "",
      "style": "",
      "tags": []
    },
    {
      "text": "ನೀವು ಇಂಗ್ಲಿಷ್ ಮಾತನಾಡುತ್ತೀರಾ?",
      "note": "",
      "form_type": "",
      "style": "",
      "tags": []
    },
    {
      "text": "ನನಗೆ ಕೊರಿಯನ್ ಸ್ವಲ್ಪ ಮಾತ್ರ ಗೊತ್ತು.",
      "note": "",
      "form_type": "",
      "style": "",
      "tags": []
    },
    {
      "text": "ದಯವಿಟ್ಟು ನಿಧಾನವಾಗಿ ಮಾತನಾಡಿ.",
      "note": "",
      "form_type": "",
      "style": "",
      "tags": []
    },
    {
      "text": "ಇದರ ಅರ್ಥವೇನು?",
      "note": "",
      "form_type": "",
      "style": "",
      "tags": []
    },
    {
      "text": "ಇದನ್ನು ಕೊರಿಯನ್ ಭಾಷೆಯಲ್ಲಿ ಹೇಗೆ ಹೇಳುವುದು?",
      "note": "",
      "form_type": "",
      "style": "",
      "tags": []
    },
    {
      "text": "ನಾನು ನಿನ್ನನ್ನು ಪ್ರೀತಿಸುತ್ತೇನೆ.",
      "note": "",
      "form_type": "",
      "style": "",
      "tags": []
    },
    {
      "text": "ದಯವಿಟ್ಟು ಕಾಯಿರಿ.",
      "note": "",
      "form_type": "",
      "style": "",
      "tags": []
    },
    {
      "text": "ಸ್ವಾಗತ / ಪರವಾಗಿಲ್ಲ.",
      "note": "",
      "form_type": "",
      "style": "",
      "tags": []
    },
    {
      "text": "ಇಲ್ಲ, ಧನ್ಯವಾದಗಳು.",
      "note": "",
      "form_type": "",
      "style": "",
      "tags": []
    },
    {
      "text": "ನನ್ನದೊಂದು ಪ್ರಶ್ನೆಯಿದೆ.",
      "note": "",
      "form_type": "",
      "style": "",
      "tags": []
    }
  ]
}