{
  "default_type": "word",
  "subject": "100 Kata Kerja Dasar",
  "pos": "verb",
  "entries": [
    {
      "text": "pergi",
      "note": "",
      "tags": []
    },
    {
      "text": "datang",
      "note": "",
      "tags": []
    },
    {
      "text": "makan",
      "note": "",
      "tags": []
    },
    {
      "text": "minum",
      "note": "",
      "tags": []
    },
    {
      "text": "tidur",
      "note": "",
      "tags": []
    },
    {
      "text": "melihat",
      "note": "",
      "tags": []
    },
    {
      "text": "membeli",
      "note": "",
      "tags": []
    },
    {
      "text": "menjual",
      "note": "",
      "tags": []
    },
    {
      "text": "membaca",
      "note": "",
      "tags": []
    },
    {
      "text": "menulis",
      "note": "menulis",
      "tags": []
    },
    {
      "text": "mendengar",
      "note": "",
      "tags": []
    },
    {
      "text": "berbicara",
      "note": "",
      "tags": []
    },
    {
      "text": "melakukan",
      "note": "",
      "tags": []
    },
    {
      "text": "bekerja",
      "note": "",
      "tags": []
    },
    {
      "text": "belajar",
      "note": "",
      "tags": []
    },
    {
      "text": "mengajar",
      "note": "",
      "tags": []
    },
    {
      "text": "mempelajari",
      "note": "",
      "tags": []
    },
    {
      "text": "menunggu",
      "note": "",
      "tags": []
    },
    {
      "text": "bertemu",
      "note": "",
      "tags": []
    },
    {
      "text": "mencintai",
      "note": "",
      "tags": []
    },
    {
      "text": "menyukai",
      "note": "",
      "tags": []
    },
    {
      "text": "membenci",
      "note": "",
      "tags": []
    },
    {
      "text": "tertawa",
      "note": "",
      "tags": []
    },
    {
      "text": "menangis",
      "note": "",
      "tags": []
    },
    {
      "text": "berjalan",
      "note": "",
      "tags": []
    },
    {
      "text": "berlari",
      "note": "berlari",
      "tags": []
    },
    {
      "text": "duduk",
      "note": "",
      "tags": []
    },
    {
      "text": "berdiri",
      "note": "",
      "tags": []
    },
    {
      "text": "memberi",
      "note": "",
      "tags": []
    },
    {
      "text": "menerima",
      "note": "",
      "tags": []
    },
    {
      "text": "membuka",
      "note": "",
      "tags": []
    },
    {
      "text": "menutup",
      "note": "",
      "tags": []
    },
    {
      "text": "berpikir",
      "note": "",
      "tags": []
    },
    {
      "text": "tahu",
      "note": "",
      "tags": []
    },
    {
      "text": "tidak tahu",
      "note": "",
      "tags": []
    },
    {
      "text": "mencari / menemukan",
      "note": "",
      "tags": []
    },
    {
      "text": "kehilangan",
      "note": "",
      "tags": []
    },
    {
      "text": "membantu",
      "note": "",
      "tags": []
    },
    {
      "text": "mencuci",
      "note": "",
      "tags": []
    },
    {
      "text": "memasak",
      "note": "",
      "tags": []
    },
    {
      "text": "bernyanyi",
      "note": "",
      "tags": []
    },
    {
      "text": "menari",
      "note": "",
      "tags": []
    },
    {
      "text": "menggunakan",
      "note": "",
      "tags": []
    },
    {
      "text": "membuat",
      "note": "",
      "tags": []
    },
    {
      "text": "memanggil / bernyanyi",
      "note": "lagu / nama",
      "tags": []
    },
    {
      "text": "memegang",
      "note": "",
      "tags": []
    },
    {
      "text": "menaruh / melepaskan",
      "note": "",
      "tags": []
    },
    {
      "text": "masuk",
      "note": "",
      "tags": []
    },
    {
      "text": "keluar",
      "note": "",
      "tags": []
    },
    {
      "text": "naik",
      "note": "kendaraan",
      "tags": []
    },
    {
      "text": "turun",
      "note": "kendaraan",
      "tags": []
    },
    {
      "text": "mengirim",
      "note": "",
      "tags": []
    },
    {
      "text": "menyerahkan",
      "note": "setoran",
      "tags": []
    },
    {
      "text": "kabar",
      "note": "salam",
      "tags": []
    },
    {
      "text": "memulai",
      "note": "",
      "tags": []
    },
    {
      "text": "mengakhiri",
      "note": "",
      "tags": []
    },
    {
      "text": "beristirahat",
      "note": "istirahat",
      "tags": []
    },
    {
      "text": "bertanya",
      "note": "pertanyaan",
      "tags": []
    },
    {
      "text": "menjawab",
      "note": "",
      "tags": []
    },
    {
      "text": "berjanji",
      "note": "",
      "tags": []
    },
    {
      "text": "khawatir",
      "note": "",
      "tags": []
    },
    {
      "text": "percaya",
      "note": "",
      "tags": []
    },
    {
      "text": "ragu",
      "note": "",
      "tags": []
    },
    {
      "text": "berharap",
      "note": "harapan",
      "tags": []
    },
    {
      "text": "bermimpi",
      "note": "",
      "tags": []
    },
    {
      "text": "berkelahi",
      "note": "",
      "tags": []
    },
    {
      "text": "menang",
      "note": "",
      "tags": []
    },
    {
      "text": "kalah",
      "note": "kekalahan",
      "tags": []
    },
    {
      "text": "tumbuh",
      "note": "pertumbuhan",
      "tags": []
    },
    {
      "text": "hidup / tinggal",
      "note": "",
      "tags": []
    },
    {
      "text": "mati",
      "note": "",
      "tags": []
    },
    {
      "text": "mengambil",
      "note": "",
      "tags": []
    },
    {
      "text": "membuang",
      "note": "",
      "tags": []
    },
    {
      "text": "bersembunyi",
      "note": "",
      "tags": []
    },
    {
      "text": "mencari",
      "note": "",
      "tags": []
    },
    {
      "text": "memilih",
      "note": "",
      "tags": []
    },
    {
      "text": "mengubah",
      "note": "",
      "tags": []
    },
    {
      "text": "memesan",
      "note": "pembelian barang",
      "tags": []
    },
    {
      "text": "bersiap",
      "note": "",
      "tags": []
    },
    {
      "text": "menangkap",
      "note": "",
      "tags": []
    },
    {
      "text": "melempar",
      "note": "",
      "tags": []
    },
    {
      "text": "menarik",
      "note": "",
      "tags": []
    },
    {
      "text": "mendorong",
      "note": "",
      "tags": []
    },
    {
      "text": "memperbaiki",
      "note": "perbaikan",
      "tags": []
    },
    {
      "text": "rusak",
      "note": "",
      "tags": []
    },
    {
      "text": "sakit",
      "note": "",
      "tags": []
    },
    {
      "text": "mengobati",
      "note": "",
      "tags": []
    },
    {
      "text": "berolahraga",
      "note": "",
      "tags": []
    },
    {
      "text": "berenang",
      "note": "",
      "tags": []
    },
    {
      "text": "bepergian",
      "note": "",
      "tags": []
    },
    {
      "text": "menyetir",
      "note": "",
      "tags": []
    },
    {
      "text": "membersihkan",
      "note": "",
      "tags": []
    },
    {
      "text": "mencuci piring",
      "note": "",
      "tags": []
    },
    {
      "text": "mencuci baju",
      "note": "",
      "tags": []
    },
    {
      "text": "mandi",
      "note": "",
      "tags": []
    },
    {
      "text": "gosok gigi",
      "note": "",
      "tags": []
    },
    {
      "text": "bangun",
      "note": "terbangun",
      "tags": []
    },
    {
      "text": "pergi tidur",
      "note": "tidur",
      "tags": []
    },
    {
      "text": "mengerti",
      "note": "",
      "tags": []
    },
    {
      "text": "mengingat",
      "note": "",
      "tags": []
    }
  ]
}